sim_time,x,y,z
2021-09-04 10:59:48.556800,-0.3383753333333333,0.015703966666666666,0.028459676666666666
2021-09-04 10:59:48.730800,-0.338374,0.015704766666666665,0.02845244666666667
2021-09-04 10:59:48.904800,-0.33837866666666666,0.015702866666666666,0.028460453333333333
2021-09-04 10:59:49.078800,-0.33837633333333333,0.015700966666666667,0.028453696666666667
2021-09-04 10:59:49.252800,-0.33837566666666663,0.0157043,0.02845576333333333
2021-09-04 10:59:49.426800,-0.3383753333333333,0.015704333333333334,0.028455386666666665
2021-09-04 10:59:49.600800,-0.33837500000000004,0.01570176666666667,0.02845354
2021-09-04 10:59:49.774800,-0.33837633333333333,0.0157035,0.028458546666666668
2021-09-04 10:59:49.948800,-0.33837999999999996,0.015698733333333333,0.028452226666666667
2021-09-04 10:59:50.122800,-0.338381,0.015700633333333335,0.02845932
2021-09-04 10:59:50.296800,-0.33837633333333333,0.015701,0.028451889999999997
2021-09-04 10:59:50.470800,-0.33838033333333334,0.01570653333333333,0.02845721333333333
2021-09-04 10:59:50.644800,-0.33837933333333337,0.0157051,0.028446903333333332
2021-09-04 10:59:50.818800,-0.33838133333333337,0.015702866666666666,0.028458486666666668
2021-09-04 10:59:50.992800,-0.33838300000000004,0.015703666666666668,0.02844962333333333
2021-09-04 10:59:51.166800,-0.3383753333333333,0.015705,0.028448193333333333
2021-09-04 10:59:51.340800,-0.33838033333333334,0.015700166666666664,0.028454076666666665
2021-09-04 10:59:51.514800,-0.33838433333333334,0.015699366666666666,0.02845548666666667
2021-09-04 10:59:51.688800,-0.33837999999999996,0.015703966666666666,0.02845505
2021-09-04 10:59:51.862800,-0.338386,0.015706033333333334,0.028456776666666666
2021-09-04 10:59:52.036800,-0.33838666666666667,0.015703966666666666,0.02845628
2021-09-04 10:59:52.210800,-0.33837999999999996,0.015707000000000002,0.028448113333333334
2021-09-04 10:59:52.384800,-0.33838866666666667,0.015705566666666667,0.028456043333333333
2021-09-04 10:59:52.558800,-0.3383853333333333,0.015700966666666667,0.02844597
2021-09-04 10:59:52.732800,-0.338385,0.015705566666666667,0.028455643333333332
2021-09-04 10:59:52.906800,-0.33839400000000003,0.0157019,0.02845693666666667
2021-09-04 10:59:53.080800,-0.338381,0.015705733333333333,0.02845195
2021-09-04 10:59:53.254800,-0.3383833333333333,0.0157027,0.02845397666666667
2021-09-04 10:59:53.428800,-0.33837999999999996,0.015702999999999998,0.02844759666666667
2021-09-04 10:59:53.602800,-0.3383833333333333,0.0157051,0.028455643333333332
2021-09-04 10:59:53.776800,-0.33837566666666663,0.015703033333333335,0.028454869999999997
2021-09-04 10:59:53.950800,-0.33838066666666666,0.015702866666666666,0.02845876333333333
2021-09-04 10:59:54.124800,-0.33837933333333337,0.015704333333333334,0.028452923333333335
2021-09-04 10:59:54.298800,-0.33838799999999997,0.015700633333333335,0.028466553333333335
2021-09-04 10:59:54.472800,-0.3383876666666667,0.015702233333333333,0.02846079
2021-09-04 10:59:54.646800,-0.33838233333333334,0.015703666666666668,0.028467823333333333
2021-09-04 10:59:54.820800,-0.3383853333333333,0.015702999999999998,0.028460293333333334
2021-09-04 10:59:54.994800,-0.338381,0.015706366666666666,0.028461466666666668
2021-09-04 10:59:55.168800,-0.3383893333333334,0.015706033333333334,0.028460593333333336
2021-09-04 10:59:55.342800,-0.3383863333333333,0.015706366666666666,0.028451729999999998
2021-09-04 10:59:55.516800,-0.3383933333333333,0.0157019,0.028467426666666667
2021-09-04 10:59:55.690800,-0.338381,0.015702999999999998,0.028452406666666666
2021-09-04 10:59:55.864800,-0.3383913333333333,0.015706666666666667,0.028466553333333335
2021-09-04 10:59:56.038800,-0.3383873333333333,0.015704933333333334,0.028454233333333332
2021-09-04 10:59:56.212800,-0.3383846666666666,0.0157062,0.028466116666666666
2021-09-04 10:59:56.386800,-0.338382,0.015707000000000002,0.028458346666666665
2021-09-04 10:59:56.560800,-0.3383856666666667,0.015705733333333333,0.028459460000000002
2021-09-04 10:59:56.734800,-0.3383856666666667,0.015706833333333333,0.02846864
2021-09-04 10:59:56.908800,-0.33837866666666666,0.015707966666666667,0.028452346666666666
2021-09-04 10:59:57.082800,-0.3383873333333333,0.015707166666666664,0.02846524
2021-09-04 10:59:57.256800,-0.3383906666666667,0.015707633333333335,0.028458943333333334
2021-09-04 10:59:57.430800,-0.33839400000000003,0.015705733333333333,0.028464823333333333
2021-09-04 10:59:57.604800,-0.33838833333333335,0.0157078,0.02845652
2021-09-04 10:59:57.778800,-0.33839100000000005,0.01570826666666667,0.028458606666666667
2021-09-04 10:59:57.952800,-0.33838833333333335,0.015709066666666667,0.02846403
2021-09-04 10:59:58.126800,-0.3383893333333334,0.015704933333333334,0.028453676666666667
2021-09-04 10:59:58.300800,-0.33838866666666667,0.0157081,0.028460513333333336
2021-09-04 10:59:58.474800,-0.3383873333333333,0.0157086,0.02844938666666667
2021-09-04 10:59:58.648800,-0.33838666666666667,0.015704133333333332,0.028451809999999998
2021-09-04 10:59:58.822800,-0.33839033333333335,0.015703666666666668,0.02845354
2021-09-04 10:59:58.996800,-0.338389,0.015707633333333335,0.02845294333333333
2021-09-04 10:59:59.170800,-0.33839100000000005,0.015702999999999998,0.028451593333333334
2021-09-04 10:59:59.344800,-0.33838999999999997,0.015707633333333335,0.02845195
2021-09-04 10:59:59.518800,-0.3383913333333333,0.0157043,0.028454593333333333
2021-09-04 10:59:59.692800,-0.33839366666666665,0.015706666666666667,0.028451630000000002
2021-09-04 10:59:59.866800,-0.3383893333333334,0.015707466666666666,0.02845628
2021-09-04 11:00:00.040800,-0.3383846666666666,0.015705399999999998,0.028445073333333334
2021-09-04 11:00:00.214800,-0.33839400000000003,0.015706833333333333,0.02844563
2021-09-04 11:00:00.388800,-0.33838833333333335,0.0157078,0.02845024
2021-09-04 11:00:00.562800,-0.33839366666666665,0.015707966666666667,0.02845288333333333
2021-09-04 11:00:00.736800,-0.33839400000000003,0.015707000000000002,0.028452106666666668
2021-09-04 11:00:00.910800,-0.338392,0.015707633333333335,0.028452983333333334
2021-09-04 11:00:01.084800,-0.3383863333333333,0.0157086,0.028453500000000003
2021-09-04 11:00:01.258800,-0.33838966666666664,0.015706666666666667,0.02845302333333333
2021-09-04 11:00:01.432800,-0.33838799999999997,0.015706833333333333,0.028456836666666666
2021-09-04 11:00:01.606800,-0.3383876666666667,0.01570826666666667,0.02845302333333333
2021-09-04 11:00:01.780800,-0.33838833333333335,0.015707633333333335,0.028455186666666663
2021-09-04 11:00:01.954800,-0.33839166666666665,0.015710333333333333,0.02845781
2021-09-04 11:00:02.128800,-0.33838999999999997,0.015707466666666666,0.028451729999999998
2021-09-04 11:00:02.302800,-0.33838366666666664,0.015709866666666666,0.028449346666666667
2021-09-04 11:00:02.476800,-0.3383913333333333,0.0157151,0.028463056666666667
2021-09-04 11:00:02.650800,-0.3393933333333334,0.016547666666666665,0.028543959999999997
2021-09-04 11:00:02.824800,-0.33959,0.017373066666666666,0.028556853333333337
2021-09-04 11:00:02.998800,-0.3394356666666667,0.017266733333333333,0.028634220000000002
2021-09-04 11:00:03.172800,-0.33868666666666664,0.017806033333333336,0.028668990000000002
2021-09-04 11:00:03.346800,-0.3366373333333333,0.021141499999999997,0.02851048
2021-09-04 11:00:03.520800,-0.33500966666666665,0.024960333333333334,0.028744549999999997
2021-09-04 11:00:03.694800,-0.334153,0.027835833333333334,0.029630173333333332
2021-09-04 11:00:03.868800,-0.33513,0.028757066666666668,0.03230964
2021-09-04 11:00:04.042800,-0.34345200000000004,0.028797299999999998,0.0374348
2021-09-04 11:00:04.216800,-0.3528786666666666,0.027919766666666665,0.048687
2021-09-04 11:00:04.390800,-0.3576683333333333,0.027431933333333335,0.06264773333333333
2021-09-04 11:00:04.564800,-0.356609,0.027115966666666668,0.08030996666666666
2021-09-04 11:00:04.738800,-0.34937900000000005,0.026779,0.10110483333333332
2021-09-04 11:00:04.912800,-0.33926166666666663,0.026154033333333337,0.12313226666666667
2021-09-04 11:00:05.086800,-0.3303200333333333,0.025944366666666666,0.14773163333333333
2021-09-04 11:00:05.260800,-0.32519373333333335,0.026565000000000002,0.17131796666666665
2021-09-04 11:00:05.434800,-0.3224675,0.027686266666666667,0.19784406666666665
2021-09-04 11:00:05.608800,-0.32131513333333334,0.028474633333333332,0.22277483333333334
2021-09-04 11:00:05.782800,-0.3194936,0.0285077,0.2449623333333333
2021-09-04 11:00:05.956800,-0.3147080666666667,0.02766703333333333,0.2623077
2021-09-04 11:00:06.130800,-0.30224833333333334,0.025724399999999998,0.27543426666666665
2021-09-04 11:00:06.304800,-0.2814121333333333,0.023459333333333332,0.28488163333333333
2021-09-04 11:00:06.478800,-0.2499682,0.021389000000000002,0.2944639
2021-09-04 11:00:06.652800,-0.2111896,0.020105666666666668,0.3022032666666667
2021-09-04 11:00:06.826800,-0.16258336666666667,0.019513433333333333,0.3076392333333333
2021-09-04 11:00:07.000800,-0.1083447,0.019761533333333334,0.3108573333333333
2021-09-04 11:00:07.174800,-0.05314253333333333,0.0205925,0.3136335333333333
2021-09-04 11:00:07.348800,0.007540066666666667,0.022053866666666668,0.31729009999999996
2021-09-04 11:00:07.522800,0.06455993333333333,0.023515833333333333,0.3216655666666667
2021-09-04 11:00:07.696800,0.12486713333333332,0.025083533333333335,0.32608623333333336
2021-09-04 11:00:07.870800,0.17347176666666667,0.026344133333333335,0.3287059
2021-09-04 11:00:08.044800,0.21530976666666668,0.02747166666666667,0.330801
2021-09-04 11:00:08.218800,0.24894776666666665,0.028396099999999997,0.3321458333333333
2021-09-04 11:00:08.392800,0.27293553333333337,0.029206033333333336,0.3328523666666667
2021-09-04 11:00:08.566800,0.2870737666666667,0.029720200000000002,0.33339399999999997
2021-09-04 11:00:08.740800,0.2893330333333333,0.0301911,0.333852
2021-09-04 11:00:08.914800,0.28088823333333335,0.030793333333333336,0.33481
2021-09-04 11:00:09.088800,0.2613798666666667,0.0315782,0.33625700000000003
2021-09-04 11:00:09.262800,0.23704053333333333,0.03215096666666666,0.3362753333333333
2021-09-04 11:00:09.436800,0.20123133333333332,0.0323553,0.33454266666666665
2021-09-04 11:00:09.610800,0.15741156666666667,0.03205503333333334,0.3319952333333333
2021-09-04 11:00:09.784800,0.10077380000000001,0.030989799999999998,0.32906233333333335
2021-09-04 11:00:09.958800,0.045505833333333336,0.029749366666666666,0.3265096
2021-09-04 11:00:10.132800,-0.018498419999999998,0.0284136,0.324314
2021-09-04 11:00:10.306800,-0.0721566,0.02737806666666667,0.3243125
2021-09-04 11:00:10.480800,-0.12356089999999999,0.026378600000000002,0.32652126666666664
2021-09-04 11:00:10.654800,-0.17657313333333333,0.025148366666666668,0.3302060333333333
2021-09-04 11:00:10.828800,-0.22459603333333333,0.023400333333333332,0.33321473333333335
2021-09-04 11:00:11.002800,-0.2625456,0.021654733333333332,0.33368133333333333
2021-09-04 11:00:11.176800,-0.2879333333333333,0.019986766666666666,0.33246713333333333
2021-09-04 11:00:11.350800,-0.3021408666666667,0.018537500000000002,0.3308989666666667
2021-09-04 11:00:11.524800,-0.30477363333333335,0.0175937,0.3299689666666667
2021-09-04 11:00:11.698800,-0.2956861,0.016987466666666666,0.3301891
2021-09-04 11:00:11.872800,-0.2765166,0.016587666666666667,0.33065289999999997
2021-09-04 11:00:12.046800,-0.24763296666666668,0.016268866666666666,0.3308236666666667
2021-09-04 11:00:12.220800,-0.2044538,0.0163687,0.33101973333333334
2021-09-04 11:00:12.394800,-0.15429146666666668,0.016915633333333333,0.33211846666666667
2021-09-04 11:00:12.568800,-0.09676203333333333,0.0177919,0.3330094666666667
2021-09-04 11:00:12.742800,-0.038179700000000004,0.019322866666666667,0.33220156666666667
2021-09-04 11:00:12.916800,0.028313636666666666,0.021852966666666668,0.3298965333333333
2021-09-04 11:00:13.090800,0.08233006666666666,0.02382896666666667,0.32753336666666666
2021-09-04 11:00:13.264800,0.1355184,0.0252954,0.3246769
2021-09-04 11:00:13.438800,0.18508593333333334,0.0260957,0.32203733333333334
2021-09-04 11:00:13.612800,0.22397583333333335,0.026664566666666667,0.32065893333333334
2021-09-04 11:00:13.786800,0.2527179666666667,0.027183033333333332,0.3198448
2021-09-04 11:00:13.960800,0.27681573333333337,0.028179700000000002,0.31925733333333334
2021-09-04 11:00:14.134800,0.2896843,0.029122966666666666,0.3187871666666667
2021-09-04 11:00:14.308800,0.2921184,0.0299943,0.3185592
2021-09-04 11:00:14.482800,0.28403186666666663,0.030807866666666666,0.31881516666666665
2021-09-04 11:00:14.656800,0.26542123333333334,0.03145866666666667,0.3184377333333333
2021-09-04 11:00:14.830800,0.23846436666666668,0.031615866666666666,0.31741040000000004
2021-09-04 11:00:15.004800,0.19788170000000002,0.03156436666666667,0.31648043333333337
2021-09-04 11:00:15.178800,0.14467143333333335,0.03133676666666667,0.31602553333333333
2021-09-04 11:00:15.352800,0.09023283333333333,0.031445966666666665,0.31555486666666666
2021-09-04 11:00:15.526800,0.03170522,0.03205076666666667,0.3154110666666667
2021-09-04 11:00:15.700800,-0.028168996666666668,0.032648533333333334,0.3151384333333333
2021-09-04 11:00:15.874800,-0.08995183333333334,0.032566066666666664,0.3128753
2021-09-04 11:00:16.048800,-0.15041826666666666,0.031171133333333333,0.3101762
2021-09-04 11:00:16.222800,-0.2032868,0.028392133333333333,0.3074153333333333
2021-09-04 11:00:16.396800,-0.2403237,0.0256508,0.30536226666666666
2021-09-04 11:00:16.570800,-0.2709932333333333,0.022994,0.30390766666666663
2021-09-04 11:00:16.744800,-0.2928737,0.020902766666666666,0.3037846
2021-09-04 11:00:16.918800,-0.30377006666666667,0.0192062,0.30524766666666664
2021-09-04 11:00:17.092800,-0.30208683333333336,0.018054933333333332,0.3076054
2021-09-04 11:00:17.266800,-0.28907013333333337,0.017630566666666667,0.30977506666666665
2021-09-04 11:00:17.440800,-0.2651793,0.017606233333333336,0.31112480000000003
2021-09-04 11:00:17.614800,-0.23058889999999999,0.017356666666666666,0.31175176666666665
2021-09-04 11:00:17.788800,-0.18859036666666665,0.016862366666666666,0.31233886666666666
2021-09-04 11:00:17.962800,-0.1356554,0.016291133333333332,0.3127908
2021-09-04 11:00:18.136800,-0.07253423333333334,0.015990866666666666,0.31272606666666664
2021-09-04 11:00:18.310800,-0.008797326666666666,0.01597926666666667,0.3127107666666667
2021-09-04 11:00:18.484800,0.054899533333333334,0.0163234,0.3128241
2021-09-04 11:00:18.658800,0.1117843,0.0171345,0.3120809
2021-09-04 11:00:18.832800,0.1630888,0.01874,0.31028323333333335
2021-09-04 11:00:19.006800,0.2074556333333333,0.020809,0.3080966333333333
2021-09-04 11:00:19.180800,0.25056043333333333,0.0241928,0.30610909999999997
2021-09-04 11:00:19.354800,0.27660466666666667,0.027464366666666667,0.3051526666666667
2021-09-04 11:00:19.528800,0.29144923333333334,0.03020173333333333,0.3042605333333333
2021-09-04 11:00:19.702800,0.29641056666666665,0.032255566666666666,0.3039593
2021-09-04 11:00:19.876800,0.2919600666666667,0.033668333333333335,0.3044365
2021-09-04 11:00:20.050800,0.27567610000000004,0.034725,0.3050095
2021-09-04 11:00:20.224800,0.2434028,0.034813333333333335,0.3057549
2021-09-04 11:00:20.398800,0.19704883333333334,0.03394933333333333,0.30559626666666667
2021-09-04 11:00:20.572800,0.1450831,0.03273263333333334,0.30426956666666666
2021-09-04 11:00:20.746800,0.0929734,0.031171466666666665,0.3024968333333333
2021-09-04 11:00:20.920800,0.0341428,0.0286846,0.3025786
2021-09-04 11:00:21.094800,-0.02893765666666667,0.0254216,0.30446293333333335
2021-09-04 11:00:21.268800,-0.0901556,0.022305666666666668,0.30627116666666665
2021-09-04 11:00:21.442800,-0.14743710000000002,0.0199445,0.3063854
2021-09-04 11:00:21.616800,-0.19570763333333333,0.018485366666666666,0.3055236666666667
2021-09-04 11:00:21.790800,-0.23417123333333334,0.017718333333333332,0.30589303333333334
2021-09-04 11:00:21.964800,-0.2680839,0.017362433333333333,0.3073588333333333
2021-09-04 11:00:22.138800,-0.29366906666666664,0.017452333333333334,0.30851096666666666
2021-09-04 11:00:22.312800,-0.3060099333333333,0.0174759,0.3082451666666667
2021-09-04 11:00:22.486800,-0.30672646666666664,0.017062333333333336,0.30759433333333336
2021-09-04 11:00:22.660800,-0.2972685333333333,0.016269833333333334,0.3072882333333333
2021-09-04 11:00:22.834800,-0.2744395,0.015166666666666667,0.3066590666666667
2021-09-04 11:00:23.008800,-0.24097093333333333,0.014581333333333333,0.3056321
2021-09-04 11:00:23.182800,-0.19974836666666665,0.014206566666666668,0.3045892666666667
2021-09-04 11:00:23.356800,-0.15065193333333335,0.013867666666666667,0.30417323333333335
2021-09-04 11:00:23.530800,-0.09586873333333333,0.013732333333333333,0.30442233333333335
2021-09-04 11:00:23.704800,-0.030653953333333334,0.014179066666666665,0.3052282
2021-09-04 11:00:23.878800,0.03224627333333333,0.015494,0.3052963
2021-09-04 11:00:24.052800,0.08938026666666667,0.017454133333333333,0.3046182333333333
2021-09-04 11:00:24.226800,0.14175383333333333,0.02014636666666667,0.3037711
2021-09-04 11:00:24.400800,0.1928234,0.0235427,0.30308003333333333
2021-09-04 11:00:24.574800,0.23260689999999998,0.025962166666666665,0.3028186
2021-09-04 11:00:24.748800,0.26112493333333336,0.027249966666666667,0.3034312
2021-09-04 11:00:24.922800,0.27989896666666664,0.028000266666666666,0.3038399666666667
2021-09-04 11:00:25.096800,0.2897033666666667,0.028511266666666663,0.3030757
2021-09-04 11:00:25.270800,0.2885338333333333,0.0287342,0.30238786666666667
2021-09-04 11:00:25.444800,0.2757673333333333,0.029116366666666667,0.3022093
2021-09-04 11:00:25.618800,0.25383473333333334,0.029817733333333332,0.3024396
2021-09-04 11:00:25.792800,0.22198676666666664,0.030767100000000002,0.3026313666666667
2021-09-04 11:00:25.966800,0.1807661,0.031927000000000004,0.30240059999999996
2021-09-04 11:00:26.140800,0.13466039999999999,0.0330405,0.3016079
2021-09-04 11:00:26.314800,0.07329463333333333,0.0330847,0.30158673333333336
2021-09-04 11:00:26.488800,0.0008627573333333333,0.0306409,0.3020505
2021-09-04 11:00:26.662800,-0.05802123333333333,0.02769516666666667,0.3018709333333333
2021-09-04 11:00:26.836800,-0.1144015,0.025318999999999998,0.3004876
2021-09-04 11:00:27.010800,-0.16316573333333334,0.023974233333333334,0.298623
2021-09-04 11:00:27.184800,-0.21602980000000002,0.0232803,0.296469
2021-09-04 11:00:27.358800,-0.25676886666666665,0.023213366666666665,0.2942036333333333
2021-09-04 11:00:27.532800,-0.2865842333333333,0.0228392,0.2931063333333333
2021-09-04 11:00:27.706800,-0.3026857333333333,0.022144300000000002,0.2945936666666667
2021-09-04 11:00:27.880800,-0.30836423333333335,0.021446533333333333,0.2970913333333333
2021-09-04 11:00:28.054800,-0.3013280333333333,0.021146266666666667,0.2983437
2021-09-04 11:00:28.228800,-0.28315799999999997,0.0207022,0.2979519666666667
2021-09-04 11:00:28.402800,-0.2516797333333333,0.019343833333333334,0.2976104
2021-09-04 11:00:28.576800,-0.21056843333333333,0.017087599999999998,0.29819433333333334
2021-09-04 11:00:28.750800,-0.21056843333333333,0.017087599999999998,0.29819433333333334
2021-09-04 11:00:28.924800,-0.21056843333333333,0.017087599999999998,0.29819433333333334
2021-09-04 11:00:29.098800,-0.02699407,0.010535533333333333,0.30218823333333333
2021-09-04 11:00:29.272800,0.035546,0.0100797,0.30175253333333335
2021-09-04 11:00:29.446800,0.10567856666666665,0.010974699999999999,0.3006706
2021-09-04 11:00:29.620800,0.16017753333333332,0.012509966666666665,0.29975693333333336
2021-09-04 11:00:29.794800,0.21149763333333335,0.014930333333333332,0.3001514
2021-09-04 11:00:29.968800,0.24972376666666665,0.018128533333333332,0.3025327
2021-09-04 11:00:30.142800,0.2765948,0.021675266666666665,0.3040293
2021-09-04 11:00:30.316800,0.29208660000000003,0.025045366666666666,0.3033168
2021-09-04 11:00:30.490800,0.2948649666666667,0.0274681,0.3027611666666667
2021-09-04 11:00:30.664800,0.2859684666666667,0.029204666666666667,0.3028941
2021-09-04 11:00:30.838800,0.2670475666666667,0.030408133333333334,0.30281623333333335
2021-09-04 11:00:31.012800,0.2670475666666667,0.030408133333333334,0.30281623333333335
2021-09-04 11:00:31.186800,0.18446986666666665,0.03020413333333333,0.30154923333333333
2021-09-04 11:00:31.360800,0.13369876666666666,0.028277066666666666,0.30149333333333334
2021-09-04 11:00:31.534800,0.06624156666666667,0.025496633333333334,0.3018400666666667
2021-09-04 11:00:31.708800,0.002277692,0.0241931,0.3023017666666667
2021-09-04 11:00:31.882800,-0.06444836666666666,0.024435333333333333,0.30339156666666667
2021-09-04 11:00:32.056800,-0.1267894,0.025157266666666667,0.3032785
2021-09-04 11:00:32.230800,-0.17961280000000002,0.025629666666666665,0.30057636666666665
2021-09-04 11:00:32.404800,-0.17961280000000002,0.025629666666666665,0.30057636666666665
2021-09-04 11:00:32.578800,-0.17961280000000002,0.025629666666666665,0.30057636666666665
2021-09-04 11:00:32.752800,-0.17961280000000002,0.025629666666666665,0.30057636666666665
2021-09-04 11:00:32.926800,-0.17961280000000002,0.025629666666666665,0.30057636666666665
2021-09-04 11:00:33.100800,-0.17961280000000002,0.025629666666666665,0.30057636666666665
2021-09-04 11:00:33.274800,-0.17961280000000002,0.025629666666666665,0.30057636666666665
2021-09-04 11:00:33.448800,-0.17961280000000002,0.025629666666666665,0.30057636666666665
2021-09-04 11:00:33.622800,-0.17961280000000002,0.025629666666666665,0.30057636666666665
2021-09-04 11:00:33.796800,-0.17961280000000002,0.025629666666666665,0.30057636666666665
2021-09-04 11:00:33.970800,-0.17961280000000002,0.025629666666666665,0.30057636666666665
2021-09-04 11:00:34.144800,-0.17961280000000002,0.025629666666666665,0.30057636666666665
2021-09-04 11:00:34.318800,-0.17961280000000002,0.025629666666666665,0.30057636666666665
2021-09-04 11:00:34.492800,-0.17961280000000002,0.025629666666666665,0.30057636666666665
2021-09-04 11:00:34.666800,-0.17961280000000002,0.025629666666666665,0.30057636666666665
2021-09-04 11:00:34.840800,-0.17961280000000002,0.025629666666666665,0.30057636666666665
2021-09-04 11:00:35.014800,0.23685456666666668,0.020824566666666666,0.29880006666666664
2021-09-04 11:00:35.188800,0.23685456666666668,0.020824566666666666,0.29880006666666664
2021-09-04 11:00:35.362800,0.23685456666666668,0.020824566666666666,0.29880006666666664
2021-09-04 11:00:35.536800,0.23685456666666668,0.020824566666666666,0.29880006666666664
2021-09-04 11:00:35.710800,0.23685456666666668,0.020824566666666666,0.29880006666666664
2021-09-04 11:00:35.884800,0.23685456666666668,0.020824566666666666,0.29880006666666664
2021-09-04 11:00:36.058800,0.23685456666666668,0.020824566666666666,0.29880006666666664
2021-09-04 11:00:36.232800,0.23685456666666668,0.020824566666666666,0.29880006666666664
2021-09-04 11:00:36.406800,0.23685456666666668,0.020824566666666666,0.29880006666666664
2021-09-04 11:00:36.580800,0.23685456666666668,0.020824566666666666,0.29880006666666664
2021-09-04 11:00:36.754800,0.23685456666666668,0.020824566666666666,0.29880006666666664
2021-09-04 11:00:36.928800,0.23685456666666668,0.020824566666666666,0.29880006666666664
2021-09-04 11:00:37.102800,0.23685456666666668,0.020824566666666666,0.29880006666666664
2021-09-04 11:00:37.276800,0.23685456666666668,0.020824566666666666,0.29880006666666664
2021-09-04 11:00:37.450800,0.23685456666666668,0.020824566666666666,0.29880006666666664
2021-09-04 11:00:37.624800,0.23685456666666668,0.020824566666666666,0.29880006666666664
2021-09-04 11:00:37.798800,0.23685456666666668,0.020824566666666666,0.29880006666666664
2021-09-04 11:00:37.972800,0.23685456666666668,0.020824566666666666,0.29880006666666664
2021-09-04 11:00:38.146800,0.23685456666666668,0.020824566666666666,0.29880006666666664
2021-09-04 11:00:38.320800,0.23685456666666668,0.020824566666666666,0.29880006666666664
2021-09-04 11:00:38.494800,0.23685456666666668,0.020824566666666666,0.29880006666666664
2021-09-04 11:00:38.668800,-0.19489446666666665,0.009598233333333333,0.2935293
2021-09-04 11:00:38.842800,-0.12614346666666668,0.005718666666666667,0.29349093333333337
2021-09-04 11:00:39.016800,-0.0555331,0.007222966666666667,0.29465179999999996
2021-09-04 11:00:39.190800,0.024861016666666666,0.014762699999999998,0.29418973333333337
2021-09-04 11:00:39.364800,0.09283446666666667,0.021804466666666664,0.2932959333333333
2021-09-04 11:00:39.538800,0.155022,0.025411433333333334,0.29303513333333336
2021-09-04 11:00:39.712800,0.20304583333333334,0.025431933333333333,0.2933811
2021-09-04 11:00:39.886800,0.24416543333333332,0.022970966666666665,0.2952934
2021-09-04 11:00:40.060800,0.274168,0.01959783333333333,0.29817333333333335
2021-09-04 11:00:40.234800,0.29398633333333335,0.0162932,0.2994535333333333
2021-09-04 11:00:40.408800,0.2992274,0.014422866666666666,0.2992576666666667
2021-09-04 11:00:40.582800,0.2922983333333333,0.013336800000000001,0.2989926
2021-09-04 11:00:40.756800,0.2747596,0.013505133333333334,0.2994151666666667
2021-09-04 11:00:40.930800,0.24599743333333335,0.014714233333333333,0.30007453333333334
2021-09-04 11:00:41.104800,0.19826793333333334,0.017466,0.30162326666666667
2021-09-04 11:00:41.278800,0.1346712,0.021625000000000002,0.3042144
2021-09-04 11:00:41.452800,0.06607563333333334,0.0245064,0.30674413333333334
2021-09-04 11:00:41.626800,-0.016545613333333334,0.026681233333333332,0.30670166666666665
2021-09-04 11:00:41.800800,-0.07615056666666667,0.029381333333333332,0.3054442333333333
2021-09-04 11:00:41.974800,-0.151364,0.03270466666666667,0.30443736666666665
2021-09-04 11:00:42.148800,-0.20903586666666665,0.03217916666666667,0.3032847
2021-09-04 11:00:42.322800,-0.2562659666666667,0.028272133333333335,0.3015213666666667
2021-09-04 11:00:42.496800,-0.2897819,0.022432933333333335,0.30109116666666663
2021-09-04 11:00:42.670800,-0.3066628666666667,0.017088566666666666,0.30280656666666667
2021-09-04 11:00:42.844800,-0.31044863333333333,0.012375333333333334,0.305884
2021-09-04 11:00:43.018800,-0.2990080666666667,0.010400133333333334,0.3063922333333333
2021-09-04 11:00:43.192800,-0.2757791,0.009692666666666667,0.30461140000000003
2021-09-04 11:00:43.366800,-0.23637963333333334,0.009389066666666666,0.30216153333333334
2021-09-04 11:00:43.540800,-0.191439,0.0099921,0.30041026666666665
2021-09-04 11:00:43.714800,-0.191439,0.0099921,0.30041026666666665
2021-09-04 11:00:43.888800,-0.191439,0.0099921,0.30041026666666665
2021-09-04 11:00:44.062800,-0.191439,0.0099921,0.30041026666666665
2021-09-04 11:00:44.236800,-0.191439,0.0099921,0.30041026666666665
2021-09-04 11:00:44.410800,-0.191439,0.0099921,0.30041026666666665
2021-09-04 11:00:44.584800,-0.191439,0.0099921,0.30041026666666665
2021-09-04 11:00:44.758800,-0.191439,0.0099921,0.30041026666666665
2021-09-04 11:00:44.932800,-0.191439,0.0099921,0.30041026666666665
2021-09-04 11:00:45.106800,-0.191439,0.0099921,0.30041026666666665
2021-09-04 11:00:45.280800,-0.191439,0.0099921,0.30041026666666665
2021-09-04 11:00:45.454800,-0.191439,0.0099921,0.30041026666666665
2021-09-04 11:00:45.628800,-0.191439,0.0099921,0.30041026666666665
2021-09-04 11:00:45.802800,-0.191439,0.0099921,0.30041026666666665
2021-09-04 11:00:45.976800,-0.191439,0.0099921,0.30041026666666665
2021-09-04 11:00:46.150800,-0.191439,0.0099921,0.30041026666666665
2021-09-04 11:00:46.324800,-0.191439,0.0099921,0.30041026666666665
2021-09-04 11:00:46.498800,-0.191439,0.0099921,0.30041026666666665
2021-09-04 11:00:46.672800,-0.191439,0.0099921,0.30041026666666665
2021-09-04 11:00:46.846800,-0.191439,0.0099921,0.30041026666666665
2021-09-04 11:00:47.020800,-0.191439,0.0099921,0.30041026666666665
2021-09-04 11:00:47.194800,-0.191439,0.0099921,0.30041026666666665
2021-09-04 11:00:47.368800,-0.191439,0.0099921,0.30041026666666665
2021-09-04 11:00:47.542800,-0.191439,0.0099921,0.30041026666666665
2021-09-04 11:00:47.716800,-0.191439,0.0099921,0.30041026666666665
2021-09-04 11:00:47.890800,-0.29944166666666666,0.014900033333333333,0.30339710000000003
2021-09-04 11:00:48.064800,-0.29944166666666666,0.014900033333333333,0.30339710000000003
2021-09-04 11:00:48.238800,-0.29944166666666666,0.014900033333333333,0.30339710000000003
2021-09-04 11:00:48.412800,-0.29944166666666666,0.014900033333333333,0.30339710000000003
2021-09-04 11:00:48.586800,-0.29944166666666666,0.014900033333333333,0.30339710000000003
2021-09-04 11:00:48.760800,-0.29944166666666666,0.014900033333333333,0.30339710000000003
2021-09-04 11:00:48.934800,-0.29944166666666666,0.014900033333333333,0.30339710000000003
2021-09-04 11:00:49.108800,-0.29944166666666666,0.014900033333333333,0.30339710000000003
2021-09-04 11:00:49.282800,-0.29944166666666666,0.014900033333333333,0.30339710000000003
2021-09-04 11:00:49.456800,-0.29944166666666666,0.014900033333333333,0.30339710000000003
2021-09-04 11:00:49.630800,0.22658283333333332,0.012128333333333333,0.30066386666666667
2021-09-04 11:00:49.804800,0.2576306666666667,0.0140295,0.2993308666666667
2021-09-04 11:00:49.978800,0.2576306666666667,0.0140295,0.2993308666666667
2021-09-04 11:00:50.152800,0.2576306666666667,0.0140295,0.2993308666666667
2021-09-04 11:00:50.326800,0.2576306666666667,0.0140295,0.2993308666666667
2021-09-04 11:00:50.500800,0.2576306666666667,0.0140295,0.2993308666666667
2021-09-04 11:00:50.674800,0.2576306666666667,0.0140295,0.2993308666666667
2021-09-04 11:00:50.848800,0.2576306666666667,0.0140295,0.2993308666666667
2021-09-04 11:00:51.022800,0.2576306666666667,0.0140295,0.2993308666666667
2021-09-04 11:00:51.196800,0.2576306666666667,0.0140295,0.2993308666666667
2021-09-04 11:00:51.370800,0.2576306666666667,0.0140295,0.2993308666666667
2021-09-04 11:00:51.544800,-0.10188866666666667,0.019612933333333332,0.3001434
2021-09-04 11:00:51.718800,-0.16319403333333335,0.022941266666666668,0.30077176666666666
2021-09-04 11:00:51.892800,-0.21680766666666665,0.03149983333333333,0.30096629999999996
2021-09-04 11:00:52.066800,-0.2512223,0.049284,0.3034983
2021-09-04 11:00:52.240800,-0.2512223,0.049284,0.3034983
2021-09-04 11:00:52.414800,-0.2512223,0.049284,0.3034983
2021-09-04 11:00:52.588800,-0.2512223,0.049284,0.3034983
2021-09-04 11:00:52.762800,-0.2512223,0.049284,0.3034983
2021-09-04 11:00:52.936800,-0.2512223,0.049284,0.3034983
2021-09-04 11:00:53.110800,-0.6309983333333333,0.31386933333333333,0.394832
2021-09-04 11:00:53.284800,-0.719992,0.28884,0.4095946666666667
2021-09-04 11:00:53.458800,-0.7956483333333333,0.22437766666666667,0.42431066666666667
2021-09-04 11:00:53.632800,-0.835929,0.14045966666666668,0.4385843333333333
2021-09-04 11:00:53.806800,-0.848618,0.021501999999999997,0.46122100000000005
2021-09-04 11:00:53.980800,-0.8346823333333333,-0.06741666666666667,0.4803813333333333
2021-09-04 11:00:54.154800,-0.7953376666666667,-0.15930066666666667,0.5013903333333333
2021-09-04 11:00:54.328800,-0.7487879999999999,-0.213712,0.5159873333333334
2021-09-04 11:00:54.502800,-0.677705,-0.253878,0.5308703333333333
2021-09-04 11:00:54.676800,-0.5867266666666667,-0.268538,0.5448253333333334
2021-09-04 11:00:54.850800,-0.483752,-0.25314333333333333,0.5602226666666666
2021-09-04 11:00:55.024800,-0.40074699999999996,-0.21390399999999998,0.5760356666666667
2021-09-04 11:00:55.198800,-0.333998,-0.15117266666666665,0.5928126666666667
2021-09-04 11:00:55.372800,-0.2926511666666667,-0.07442,0.6076333333333334
2021-09-04 11:00:55.546800,-0.276405,0.0198156,0.6219356666666667
2021-09-04 11:00:55.720800,-0.29046026666666663,0.11099866666666668,0.634785
2021-09-04 11:00:55.894800,-0.32727463333333334,0.18290733333333334,0.6464636666666667
2021-09-04 11:00:56.068800,-0.32727463333333334,0.18290733333333334,0.6464636666666667
2021-09-04 11:00:56.242800,-0.32727463333333334,0.18290733333333334,0.6464636666666667
2021-09-04 11:00:56.416800,-0.32727463333333334,0.18290733333333334,0.6464636666666667
2021-09-04 11:00:56.590800,-0.32727463333333334,0.18290733333333334,0.6464636666666667
2021-09-04 11:00:56.764800,-0.32727463333333334,0.18290733333333334,0.6464636666666667
2021-09-04 11:00:56.938800,-0.32727463333333334,0.18290733333333334,0.6464636666666667
2021-09-04 11:00:57.112800,-0.32727463333333334,0.18290733333333334,0.6464636666666667
2021-09-04 11:00:57.286800,-0.32727463333333334,0.18290733333333334,0.6464636666666667
2021-09-04 11:00:57.460800,-0.800172,-0.17211200000000001,0.7953726666666667
2021-09-04 11:00:57.634800,-0.7409583333333334,-0.2488526666666667,0.8079036666666667
2021-09-04 11:00:57.808800,-0.6595036666666666,-0.286356,0.8231163333333332
2021-09-04 11:00:57.982800,-0.5753056666666666,-0.28277199999999997,0.8403116666666667
2021-09-04 11:00:58.156800,-0.465138,-0.23218266666666665,0.8634193333333333
2021-09-04 11:00:58.330800,-0.38352533333333333,-0.16334366666666666,0.8812816666666666
2021-09-04 11:00:58.504800,-0.3199380333333333,-0.08736633333333334,0.8939873333333334
2021-09-04 11:00:58.678800,-0.28838156666666664,-0.037519333333333335,0.898593
2021-09-04 11:00:58.852800,-0.2724587,-0.006031966666666667,0.9005329999999999
2021-09-04 11:00:59.026800,-0.26580143333333334,0.006847033333333333,0.9014743333333333
2021-09-04 11:00:59.200800,-0.2608957333333333,0.009299733333333332,0.9009010000000001
2021-09-04 11:00:59.374800,-0.25531736666666666,0.008169633333333334,0.8990586666666666
2021-09-04 11:00:59.548800,-0.25531736666666666,0.008169633333333334,0.8990586666666666
2021-09-04 11:00:59.722800,-0.23993016666666667,0.009789933333333334,0.8930066666666666
2021-09-04 11:00:59.896800,-0.23199716666666667,0.012622033333333333,0.886091
2021-09-04 11:01:00.070800,-0.22281359999999997,0.014978400000000001,0.873112
2021-09-04 11:01:00.244800,-0.20924600000000002,0.014696099999999998,0.8490283333333334
2021-09-04 11:01:00.418800,-0.18992266666666668,0.011652466666666667,0.8165439999999999
2021-09-04 11:01:00.592800,-0.16139,0.006539333333333334,0.7725583333333333
2021-09-04 11:01:00.766800,-0.12627253333333333,0.0020284633333333335,0.724352
2021-09-04 11:01:00.940800,-0.07662963333333334,-0.0008856433333333334,0.6628473333333333
2021-09-04 11:01:01.114800,-0.02707704,-0.0015467,0.6063013333333334
2021-09-04 11:01:01.288800,0.03608066666666667,-0.5086263333333333,0.537919
2021-09-04 11:01:01.462800,0.08992800000000001,0.00327905,0.4807253333333333
2021-09-04 11:01:01.636800,0.14888446666666666,0.008470033333333333,0.41980100000000004
2021-09-04 11:01:01.810800,0.19479146666666666,0.012951200000000001,0.37392200000000003
2021-09-04 11:01:01.984800,0.23610243333333333,0.016450066666666666,0.3319724
2021-09-04 11:01:02.158800,0.26393573333333337,0.018311333333333332,0.30379453333333334
2021-09-04 11:01:02.332800,0.2850834666666667,0.020167966666666665,0.2834103
2021-09-04 11:01:02.506800,0.2934796,0.021823333333333333,0.2754661
2021-09-04 11:01:02.680800,0.2916495,0.024353633333333333,0.274443
2021-09-04 11:01:02.854800,0.27754276666666666,0.028396599999999998,0.2791957
2021-09-04 11:01:03.028800,0.27754276666666666,0.028396599999999998,0.2791957
2021-09-04 11:01:03.202800,0.27754276666666666,0.028396599999999998,0.2791957
2021-09-04 11:01:03.376800,0.27754276666666666,0.028396599999999998,0.2791957
2021-09-04 11:01:03.550800,0.27754276666666666,0.028396599999999998,0.2791957
2021-09-04 11:01:03.724800,0.27754276666666666,0.028396599999999998,0.2791957
2021-09-04 11:01:03.898800,0.27754276666666666,0.028396599999999998,0.2791957
2021-09-04 11:01:04.072800,0.27754276666666666,0.028396599999999998,0.2791957
2021-09-04 11:01:04.246800,0.27754276666666666,0.028396599999999998,0.2791957
2021-09-04 11:01:04.420800,-0.1844511,0.020738266666666668,0.2943211666666667
2021-09-04 11:01:04.594800,-0.1844511,0.020738266666666668,0.2943211666666667
2021-09-04 11:01:04.768800,-0.1844511,0.020738266666666668,0.2943211666666667
2021-09-04 11:01:04.942800,-0.1844511,0.020738266666666668,0.2943211666666667
2021-09-04 11:01:05.116800,-0.1844511,0.020738266666666668,0.2943211666666667
2021-09-04 11:01:05.290800,-0.1844511,0.020738266666666668,0.2943211666666667
2021-09-04 11:01:05.464800,-0.1844511,0.020738266666666668,0.2943211666666667
2021-09-04 11:01:05.638800,-0.1844511,0.020738266666666668,0.2943211666666667
2021-09-04 11:01:05.812800,-0.1844511,0.020738266666666668,0.2943211666666667
2021-09-04 11:01:05.986800,-0.1180156,-0.0052471,0.281375
2021-09-04 11:01:06.160800,-0.1180156,-0.0052471,0.281375
2021-09-04 11:01:06.334800,-0.1180156,-0.0052471,0.281375
2021-09-04 11:01:06.508800,-0.1180156,-0.0052471,0.281375
2021-09-04 11:01:06.682800,-0.1180156,-0.0052471,0.281375
2021-09-04 11:01:06.856800,-0.1180156,-0.0052471,0.281375
2021-09-04 11:01:07.030800,-0.1180156,-0.0052471,0.281375
2021-09-04 11:01:07.204800,-0.1180156,-0.0052471,0.281375
2021-09-04 11:01:07.378800,-0.1180156,-0.0052471,0.281375
2021-09-04 11:01:07.552800,-0.1180156,-0.0052471,0.281375
2021-09-04 11:01:07.726800,-0.1180156,-0.0052471,0.281375
2021-09-04 11:01:07.900800,-0.1180156,-0.0052471,0.281375
2021-09-04 11:01:08.074800,-0.1180156,-0.0052471,0.281375
2021-09-04 11:01:08.248800,-0.1180156,-0.0052471,0.281375
2021-09-04 11:01:08.422800,-0.1180156,-0.0052471,0.281375
2021-09-04 11:01:08.596800,-0.1180156,-0.0052471,0.281375
2021-09-04 11:01:08.770800,-0.1180156,-0.0052471,0.281375
2021-09-04 11:01:08.944800,-0.1180156,-0.0052471,0.281375
2021-09-04 11:01:09.118800,-0.1180156,-0.0052471,0.281375
2021-09-04 11:01:09.292800,-0.1180156,-0.0052471,0.281375
2021-09-04 11:01:09.466800,-0.1180156,-0.0052471,0.281375
2021-09-04 11:01:09.640800,-0.1180156,-0.0052471,0.281375
2021-09-04 11:01:09.814800,-0.051596633333333336,-0.25498133333333334,0.5410233333333333
2021-09-04 11:01:09.988800,-0.051596633333333336,-0.25498133333333334,0.5410233333333333
2021-09-04 11:01:10.162800,-0.051596633333333336,-0.25498133333333334,0.5410233333333333
2021-09-04 11:01:10.336800,-0.051596633333333336,-0.25498133333333334,0.5410233333333333
2021-09-04 11:01:10.510800,-0.051596633333333336,-0.25498133333333334,0.5410233333333333
2021-09-04 11:01:10.684800,-0.051596633333333336,-0.25498133333333334,0.5410233333333333
2021-09-04 11:01:10.858800,0.25038463333333333,0.143348,0.6319853333333333
2021-09-04 11:01:11.032800,0.25038463333333333,0.143348,0.6319853333333333
2021-09-04 11:01:11.206800,0.25038463333333333,0.143348,0.6319853333333333
2021-09-04 11:01:11.380800,0.031689006666666665,0.2885796666666667,0.6761926666666667
2021-09-04 11:01:11.554800,0.031689006666666665,0.2885796666666667,0.6761926666666667
2021-09-04 11:01:11.728800,0.031689006666666665,0.2885796666666667,0.6761926666666667
2021-09-04 11:01:11.902800,0.031689006666666665,0.2885796666666667,0.6761926666666667
2021-09-04 11:01:12.076800,0.031689006666666665,0.2885796666666667,0.6761926666666667
2021-09-04 11:01:12.250800,0.031689006666666665,0.2885796666666667,0.6761926666666667
2021-09-04 11:01:12.424800,0.031689006666666665,0.2885796666666667,0.6761926666666667
2021-09-04 11:01:12.598800,0.031689006666666665,0.2885796666666667,0.6761926666666667
2021-09-04 11:01:12.772800,0.031689006666666665,0.2885796666666667,0.6761926666666667
2021-09-04 11:01:12.946800,0.031689006666666665,0.2885796666666667,0.6761926666666667
2021-09-04 11:01:13.120800,0.03340846666666667,-0.25279366666666664,0.8406563333333333
2021-09-04 11:01:13.294800,0.1241738,-0.19936566666666666,0.8610853333333334
2021-09-04 11:01:13.468800,0.19724176666666668,-0.13712266666666667,0.8779513333333333
2021-09-04 11:01:13.642800,0.2562742333333333,-0.07003333333333334,0.8912996666666667
2021-09-04 11:01:13.816800,0.2859443,-0.021251266666666668,0.89792
2021-09-04 11:01:13.990800,0.2934932666666667,0.004349533333333333,0.8993256666666666
2021-09-04 11:01:14.164800,0.2923285,0.0159552,0.8985206666666666
2021-09-04 11:01:14.338800,0.2898562666666667,0.0223483,0.8975533333333333
2021-09-04 11:01:14.512800,0.29054036666666666,0.025261466666666666,0.8975146666666666
2021-09-04 11:01:14.686800,0.2944603,0.027707866666666667,0.8969466666666667
2021-09-04 11:01:14.860800,0.2944603,0.027707866666666667,0.8969466666666667
2021-09-04 11:01:15.034800,0.3021415,0.0303064,0.8852596666666667
2021-09-04 11:01:15.208800,0.3021415,0.0303064,0.8852596666666667
2021-09-04 11:01:15.382800,0.30378723333333335,0.02869206666666667,0.8462383333333333
2021-09-04 11:01:15.556800,0.3033886,0.0266137,0.808401
2021-09-04 11:01:15.730800,0.3030665666666667,0.0239919,0.7572693333333333
2021-09-04 11:01:15.904800,0.3025105666666667,0.0209611,0.700012
2021-09-04 11:01:16.078800,0.3019596666666667,0.01815603333333333,0.6356086666666666
2021-09-04 11:01:16.252800,0.3016898,0.016636666666666668,0.5674516666666667
2021-09-04 11:01:16.426800,0.30205693333333333,0.017148966666666664,0.5035853333333333
2021-09-04 11:01:16.600800,0.30205693333333333,0.017148966666666664,0.5035853333333333
2021-09-04 11:01:16.774800,0.30205693333333333,0.017148966666666664,0.5035853333333333
2021-09-04 11:01:16.948800,0.30205693333333333,0.017148966666666664,0.5035853333333333
2021-09-04 11:01:17.122800,0.30205693333333333,0.017148966666666664,0.5035853333333333
2021-09-04 11:01:17.296800,0.30205693333333333,0.017148966666666664,0.5035853333333333
2021-09-04 11:01:17.470800,0.30205693333333333,0.017148966666666664,0.5035853333333333
2021-09-04 11:01:17.644800,0.30205693333333333,0.017148966666666664,0.5035853333333333
2021-09-04 11:01:17.818800,0.30205693333333333,0.017148966666666664,0.5035853333333333
2021-09-04 11:01:17.992800,0.30205693333333333,0.017148966666666664,0.5035853333333333
2021-09-04 11:01:18.166800,0.30205693333333333,0.017148966666666664,0.5035853333333333
2021-09-04 11:01:18.340800,0.30205693333333333,0.017148966666666664,0.5035853333333333
2021-09-04 11:01:18.514800,0.30205693333333333,0.017148966666666664,0.5035853333333333
2021-09-04 11:01:18.688800,0.30205693333333333,0.017148966666666664,0.5035853333333333
2021-09-04 11:01:18.862800,0.30205693333333333,0.017148966666666664,0.5035853333333333
2021-09-04 11:01:19.036800,0.30205693333333333,0.017148966666666664,0.5035853333333333
2021-09-04 11:01:19.210800,0.30205693333333333,0.017148966666666664,0.5035853333333333
2021-09-04 11:01:19.384800,0.30205693333333333,0.017148966666666664,0.5035853333333333
2021-09-04 11:01:19.558800,0.30205693333333333,0.017148966666666664,0.5035853333333333
2021-09-04 11:01:19.732800,0.30205693333333333,0.017148966666666664,0.5035853333333333
2021-09-04 11:01:19.906800,0.30205693333333333,0.017148966666666664,0.5035853333333333
2021-09-04 11:01:20.080800,0.30205693333333333,0.017148966666666664,0.5035853333333333
2021-09-04 11:01:20.254800,0.30205693333333333,0.017148966666666664,0.5035853333333333
2021-09-04 11:01:20.428800,0.30205693333333333,0.017148966666666664,0.5035853333333333
2021-09-04 11:01:20.602800,0.30205693333333333,0.017148966666666664,0.5035853333333333
2021-09-04 11:01:20.776800,0.30205693333333333,0.017148966666666664,0.5035853333333333
2021-09-04 11:01:20.950800,0.30205693333333333,0.017148966666666664,0.5035853333333333
2021-09-04 11:01:21.124800,0.30205693333333333,0.017148966666666664,0.5035853333333333
2021-09-04 11:01:21.298800,0.30205693333333333,0.017148966666666664,0.5035853333333333
2021-09-04 11:01:21.472800,0.30205693333333333,0.017148966666666664,0.5035853333333333
2021-09-04 11:01:21.646800,0.30205693333333333,0.017148966666666664,0.5035853333333333
2021-09-04 11:01:21.820800,0.30205693333333333,0.017148966666666664,0.5035853333333333
2021-09-04 11:01:21.994800,0.30205693333333333,0.017148966666666664,0.5035853333333333
2021-09-04 11:01:22.168800,0.30205693333333333,0.017148966666666664,0.5035853333333333
2021-09-04 11:01:22.342800,0.30205693333333333,0.017148966666666664,0.5035853333333333
2021-09-04 11:01:22.516800,0.30205693333333333,0.017148966666666664,0.5035853333333333
2021-09-04 11:01:22.690800,0.30205693333333333,0.017148966666666664,0.5035853333333333
2021-09-04 11:01:22.864800,0.30205693333333333,0.017148966666666664,0.5035853333333333
2021-09-04 11:01:23.038800,0.30205693333333333,0.017148966666666664,0.5035853333333333
2021-09-04 11:01:23.212800,0.30205693333333333,0.017148966666666664,0.5035853333333333
2021-09-04 11:01:23.386800,0.30205693333333333,0.017148966666666664,0.5035853333333333
2021-09-04 11:01:23.560800,0.30205693333333333,0.017148966666666664,0.5035853333333333
2021-09-04 11:01:23.734800,0.30205693333333333,0.017148966666666664,0.5035853333333333
2021-09-04 11:01:23.908800,0.30205693333333333,0.017148966666666664,0.5035853333333333
2021-09-04 11:01:24.082800,0.30205693333333333,0.017148966666666664,0.5035853333333333
2021-09-04 11:01:24.256800,0.30205693333333333,0.017148966666666664,0.5035853333333333
2021-09-04 11:01:24.430800,0.30205693333333333,0.017148966666666664,0.5035853333333333
2021-09-04 11:01:24.604800,0.30205693333333333,0.017148966666666664,0.5035853333333333
2021-09-04 11:01:24.778800,0.30205693333333333,0.017148966666666664,0.5035853333333333
2021-09-04 11:01:24.952800,0.30205693333333333,0.017148966666666664,0.5035853333333333
2021-09-04 11:01:25.126800,-0.5745086666666667,0.28484133333333334,0.39614366666666667
2021-09-04 11:01:25.300800,-0.6643076666666666,0.25149499999999997,0.41045833333333337
2021-09-04 11:01:25.474800,-0.7275843333333333,0.18039000000000002,0.4260933333333334
2021-09-04 11:01:25.648800,-0.7548573333333333,0.08332433333333333,0.44235966666666665
2021-09-04 11:01:25.822800,-0.7508306666666668,-0.023648233333333334,0.45897133333333334
2021-09-04 11:01:25.996800,-0.721927,-0.12243533333333334,0.47567633333333337
2021-09-04 11:01:26.170800,-0.6767573333333333,-0.19668366666666667,0.4903403333333333
2021-09-04 11:01:26.344800,-0.6144606666666667,-0.24690966666666667,0.5049453333333334
2021-09-04 11:01:26.518800,-0.5347323333333334,-0.2724803333333333,0.5207653333333333
2021-09-04 11:01:26.692800,-0.4334963333333333,-0.273724,0.5404603333333333
2021-09-04 11:01:26.866800,-0.4334963333333333,-0.273724,0.5404603333333333
2021-09-04 11:01:27.040800,-0.24622756666666668,-0.19281633333333334,0.5741803333333334
2021-09-04 11:01:27.214800,-0.19490083333333333,-0.126984,0.5875143333333334
2021-09-04 11:01:27.388800,-0.19490083333333333,-0.126984,0.5875143333333334
2021-09-04 11:01:27.562800,-0.19490083333333333,-0.126984,0.5875143333333334
2021-09-04 11:01:27.736800,-0.19490083333333333,-0.126984,0.5875143333333334
2021-09-04 11:01:27.910800,-0.19490083333333333,-0.126984,0.5875143333333334
2021-09-04 11:01:28.084800,-0.19490083333333333,-0.126984,0.5875143333333334
2021-09-04 11:01:28.258800,-0.19490083333333333,-0.126984,0.5875143333333334
2021-09-04 11:01:28.432800,-0.19490083333333333,-0.126984,0.5875143333333334
2021-09-04 11:01:28.606800,-0.19490083333333333,-0.126984,0.5875143333333334
2021-09-04 11:01:28.780800,-0.19490083333333333,-0.126984,0.5875143333333334
2021-09-04 11:01:28.954800,-0.19490083333333333,-0.126984,0.5875143333333334
2021-09-04 11:01:29.128800,-0.7337326666666667,-0.033335333333333335,0.766701
2021-09-04 11:01:29.302800,-0.7337326666666667,-0.033335333333333335,0.766701
2021-09-04 11:01:29.476800,-0.7337326666666667,-0.033335333333333335,0.766701
2021-09-04 11:01:29.650800,-0.7337326666666667,-0.033335333333333335,0.766701
2021-09-04 11:01:29.824800,-0.7337326666666667,-0.033335333333333335,0.766701
2021-09-04 11:01:29.998800,-0.7337326666666667,-0.033335333333333335,0.766701
2021-09-04 11:01:30.172800,-0.7337326666666667,-0.033335333333333335,0.766701
2021-09-04 11:01:30.346800,-0.7337326666666667,-0.033335333333333335,0.766701
2021-09-04 11:01:30.520800,-0.7337326666666667,-0.033335333333333335,0.766701
2021-09-04 11:01:30.694800,-0.7337326666666667,-0.033335333333333335,0.766701
2021-09-04 11:01:30.868800,-0.7337326666666667,-0.033335333333333335,0.766701
2021-09-04 11:01:31.042800,-0.7337326666666667,-0.033335333333333335,0.766701
2021-09-04 11:01:31.216800,-0.7337326666666667,-0.033335333333333335,0.766701
2021-09-04 11:01:31.390800,-0.7337326666666667,-0.033335333333333335,0.766701
2021-09-04 11:01:31.564800,-0.7337326666666667,-0.033335333333333335,0.766701
2021-09-04 11:01:31.738800,-0.7337326666666667,-0.033335333333333335,0.766701
2021-09-04 11:01:31.912800,-0.7337326666666667,-0.033335333333333335,0.766701
2021-09-04 11:01:32.086800,-0.7337326666666667,-0.033335333333333335,0.766701
2021-09-04 11:01:32.260800,-0.7337326666666667,-0.033335333333333335,0.766701
2021-09-04 11:01:32.434800,-0.05360093333333333,0.010367366666666667,0.7413500000000001
2021-09-04 11:01:32.608800,-0.05360093333333333,0.010367366666666667,0.7413500000000001
2021-09-04 11:01:32.782800,-0.05360093333333333,0.010367366666666667,0.7413500000000001
2021-09-04 11:01:32.956800,-0.05360093333333333,0.010367366666666667,0.7413500000000001
2021-09-04 11:01:33.130800,-0.05360093333333333,0.010367366666666667,0.7413500000000001
2021-09-04 11:01:33.304800,-0.05360093333333333,0.010367366666666667,0.7413500000000001
2021-09-04 11:01:33.478800,-0.05360093333333333,0.010367366666666667,0.7413500000000001
2021-09-04 11:01:33.652800,-0.05360093333333333,0.010367366666666667,0.7413500000000001
2021-09-04 11:01:33.826800,-0.05360093333333333,0.010367366666666667,0.7413500000000001
2021-09-04 11:01:34.000800,-0.05360093333333333,0.010367366666666667,0.7413500000000001
2021-09-04 11:01:34.174800,-0.05360093333333333,0.010367366666666667,0.7413500000000001
2021-09-04 11:01:34.348800,-0.05360093333333333,0.010367366666666667,0.7413500000000001
2021-09-04 11:01:34.522800,-0.05360093333333333,0.010367366666666667,0.7413500000000001
2021-09-04 11:01:34.696800,-0.05360093333333333,0.010367366666666667,0.7413500000000001
2021-09-04 11:01:34.870800,-0.05360093333333333,0.010367366666666667,0.7413500000000001
2021-09-04 11:01:35.044800,0.12873586666666667,0.0167508,0.3079889333333333
2021-09-04 11:01:35.218800,0.12873586666666667,0.0167508,0.3079889333333333
2021-09-04 11:01:35.392800,0.12873586666666667,0.0167508,0.3079889333333333
2021-09-04 11:01:35.566800,-0.07884723333333334,-0.0120085,0.30209103333333337
2021-09-04 11:01:35.740800,-0.13647523333333333,-0.0201705,0.2975227
2021-09-04 11:01:35.914800,-0.19780096666666666,-0.0255923,0.29419603333333333
2021-09-04 11:01:36.088800,-0.23632716666666667,-0.0263861,0.2918032
2021-09-04 11:01:36.262800,-0.2710174,-0.02451703333333333,0.28781736666666663
2021-09-04 11:01:36.436800,-0.2710174,-0.02451703333333333,0.28781736666666663
2021-09-04 11:01:36.610800,-0.2710174,-0.02451703333333333,0.28781736666666663
2021-09-04 11:01:36.784800,-0.29637209999999997,-0.013144966666666667,0.2811881
2021-09-04 11:01:36.958800,-0.2784058333333333,-0.0099193,0.28058326666666666
2021-09-04 11:01:37.132800,-0.24629783333333333,-0.007044133333333333,0.2803234
2021-09-04 11:01:37.306800,-0.20439083333333333,-0.004254333333333333,0.2807310333333333
2021-09-04 11:01:37.480800,-0.1499993,-0.0015837333333333333,0.2828410333333333
2021-09-04 11:01:37.654800,-0.08457406666666667,0.00117588,0.28588983333333334
2021-09-04 11:01:37.828800,-0.02170562666666667,0.004638666666666667,0.2881374666666667
2021-09-04 11:01:38.002800,0.03457163333333333,0.008144199999999999,0.28962530000000003
2021-09-04 11:01:38.176800,0.10192806666666666,0.011847000000000002,0.29088573333333334
2021-09-04 11:01:38.350800,0.1596883,0.0141905,0.2911711
2021-09-04 11:01:38.524800,0.21578819999999999,0.016227066666666668,0.29039339999999997
2021-09-04 11:01:38.698800,0.25340429999999997,0.018039833333333335,0.2894667
2021-09-04 11:01:38.872800,0.2791605,0.019621033333333333,0.2878014
2021-09-04 11:01:39.046800,0.2946901333333333,0.020555966666666665,0.2854214666666667
2021-09-04 11:01:39.220800,0.2992827,0.020429766666666665,0.2839002666666667
2021-09-04 11:01:39.394800,0.29239813333333337,0.0190827,0.2834897333333333
2021-09-04 11:01:39.568800,0.27286306666666665,0.016349766666666665,0.2828813333333333
2021-09-04 11:01:39.742800,0.24483903333333334,0.012441933333333334,0.28143809999999997
2021-09-04 11:01:39.916800,0.20965353333333334,0.007863666666666666,0.2811223333333333
2021-09-04 11:01:40.090800,0.15787506666666667,0.0016360266666666668,0.2841917333333333
2021-09-04 11:01:40.264800,0.09770996666666666,-0.00331036,0.2882455333333333
2021-09-04 11:01:40.438800,0.032187143333333335,-0.007088633333333334,0.2911162
2021-09-04 11:01:40.612800,-0.042248100000000004,-0.008866133333333333,0.29297273333333335
2021-09-04 11:01:40.786800,-0.12445640000000001,-0.0078988,0.29416546666666665
2021-09-04 11:01:40.960800,-0.17994913333333332,-0.0063644999999999995,0.293728
2021-09-04 11:01:41.134800,-0.22659493333333333,-0.004302333333333333,0.2937650333333333
2021-09-04 11:01:41.308800,-0.2640962666666667,-0.00198221,0.29454196666666665
2021-09-04 11:01:41.482800,-0.28778583333333335,-0.0002535183333333333,0.2944351
2021-09-04 11:01:41.656800,-0.2995685,0.0005971566666666667,0.2928924666666667
2021-09-04 11:01:41.830800,-0.29812686666666666,0.000251134,0.2913118666666667
2021-09-04 11:01:42.004800,-0.28480656666666665,-0.00166877,0.29109286666666667
2021-09-04 11:01:42.178800,-0.25875916666666665,-0.004868966666666667,0.29198246666666666
2021-09-04 11:01:42.352800,-0.22296649999999998,-0.0077052,0.2930796666666667
2021-09-04 11:01:42.526800,-0.18395899999999998,-0.0089669,0.2943368
2021-09-04 11:01:42.700800,-0.15560723333333334,-0.008815666666666666,0.2949255333333333
2021-09-04 11:01:42.874800,-0.13742923333333332,-0.0080161,0.2936687
2021-09-04 11:01:43.048800,-0.12506073333333334,-0.007114700000000001,0.28836426666666665
2021-09-04 11:01:43.222800,-0.12074309999999999,-0.0061353,0.2783186
2021-09-04 11:01:43.396800,-0.1191063,-0.0050160000000000005,0.26050746666666663
2021-09-04 11:01:43.570800,-0.11732673333333334,-0.0042901,0.2327811333333333
2021-09-04 11:01:43.744800,-0.11521846666666667,-0.004424233333333334,0.20522436666666666
2021-09-04 11:01:43.918800,-0.11274593333333333,-0.0052455,0.1715631
2021-09-04 11:01:44.092800,-0.11054389999999999,-0.007034599999999999,0.12906256666666668
2021-09-04 11:01:44.266800,-0.10938486666666668,-0.009120933333333333,0.09651483333333333
2021-09-04 11:01:44.440800,-0.10859013333333334,-0.010256666666666666,0.07390803333333333
2021-09-04 11:01:44.614800,-0.10733413333333335,-0.010258966666666666,0.060730533333333336
2021-09-04 11:01:44.788800,-0.10756046666666667,-0.007845866666666666,0.0599945
2021-09-04 11:01:44.962800,-0.11063513333333334,-0.004680466666666667,0.05747883333333333
2021-09-04 11:01:45.136800,-0.11206816666666668,-0.0013313266666666668,0.026016800000000003
2021-09-04 11:01:45.310800,-0.11211903333333334,-0.0018472666666666667,0.026752103333333332
2021-09-04 11:01:45.484800,-0.11211873333333333,-0.00183741,0.026722023333333334
2021-09-04 11:01:45.658800,-0.11212286666666667,-0.0018326433333333333,0.02669081
2021-09-04 11:01:45.832800,-0.11213493333333334,-0.00183439,0.026642589999999997
2021-09-04 11:01:46.006800,-0.11213526666666666,-0.00183773,0.026672650000000003
2021-09-04 11:01:46.180800,-0.11212699999999999,-0.0018402733333333333,0.026673366666666667
2021-09-04 11:01:46.354800,-0.11211650000000001,-0.0018320066666666667,0.026696653333333334
2021-09-04 11:01:46.528800,-0.1121168,-0.00182851,0.026675809999999998
2021-09-04 11:01:46.702800,-0.1121254,-0.00182851,0.026662099999999998
2021-09-04 11:01:46.876800,-0.11212126666666666,-0.0018251733333333334,0.02666077
2021-09-04 11:01:47.050800,-0.1121168,-0.00182851,0.026674676666666664
2021-09-04 11:01:47.224800,-0.11212413333333333,-0.0018390000000000001,0.026677140000000002
2021-09-04 11:01:47.398800,-0.11212476666666667,-0.0018366166666666666,0.026676843333333335
2021-09-04 11:01:47.572800,-0.1121238,-0.0018378866666666667,0.026685206666666666
2021-09-04 11:01:47.746800,-0.1121235,-0.0018337333333333335,0.026679206666666667
2021-09-04 11:01:47.920800,-0.11212063333333333,-0.0018301,0.02667652666666667
2021-09-04 11:01:48.094800,-0.11211903333333334,-0.0018294633333333333,0.026677696666666667
2021-09-04 11:01:48.268800,-0.11211776666666667,-0.00183582,0.026677876666666666
2021-09-04 11:01:48.442800,-0.11212126666666666,-0.0018356633333333333,0.026682206666666666
2021-09-04 11:01:48.616800,-0.11212126666666666,-0.0018353433333333335,0.02668328
2021-09-04 11:01:48.790800,-0.11212093333333334,-0.0018369333333333332,0.026668756666666668
2021-09-04 11:01:48.964800,-0.11212889999999999,-0.0018380466666666666,0.026680996666666665
2021-09-04 11:01:49.138800,-0.11212603333333333,-0.0018307333333333333,0.026687810000000003
2021-09-04 11:01:49.312800,-0.11212763333333332,-0.0018312133333333333,0.026680776666666666
2021-09-04 11:01:49.486800,-0.1121273,-0.0018369333333333332,0.026691983333333336
2021-09-04 11:01:49.660800,-0.11213046666666666,-0.0018323233333333334,0.026680063333333334
2021-09-04 11:01:49.834800,-0.11213746666666667,-0.0018334366666666665,0.02668813
2021-09-04 11:01:50.008800,-0.11212506666666666,-0.0018366166666666666,0.02668507
2021-09-04 11:01:50.182800,-0.1121359,-0.0018335966666666668,0.02668197
2021-09-04 11:01:50.356800,-0.11213333333333332,-0.00183312,0.026685606666666667
2021-09-04 11:01:50.530800,-0.11212636666666666,-0.0018353433333333335,0.026683816666666665
2021-09-04 11:01:50.704800,-0.11212443333333333,-0.0018342333333333334,0.026679526666666665
2021-09-04 11:01:50.878800,-0.11212953333333332,-0.0018334366666666665,0.026687533333333333
2021-09-04 11:01:51.052800,-0.11213493333333334,-0.0018310533333333334,0.02669095
2021-09-04 11:01:51.226800,-0.11213683333333334,-0.0018337333333333335,0.02668932
2021-09-04 11:01:51.400800,-0.11212856666666667,-0.00183471,0.026692876666666667
2021-09-04 11:01:51.574800,-0.1121257,-0.0018340733333333335,0.02668817
2021-09-04 11:01:51.748800,-0.11213176666666667,-0.0018356633333333333,0.026688446666666667
2021-09-04 11:01:51.922800,-0.1121257,-0.0018334366666666665,0.026692439999999998
2021-09-04 11:01:52.096800,-0.11213843333333333,-0.00183455,0.02669236
2021-09-04 11:01:52.270800,-0.11213143333333332,-0.0018356633333333333,0.026694803333333333
2021-09-04 11:01:52.444800,-0.11212826666666666,-0.0018334366666666665,0.026697963333333335
2021-09-04 11:01:52.618800,-0.11212506666666666,-0.0018302333333333335,0.026694306666666667
2021-09-04 11:01:52.792800,-0.11213079999999999,-0.00183455,0.026692163333333335
2021-09-04 11:01:52.966800,-0.11212856666666667,-0.00183614,0.026688366666666668
2021-09-04 11:01:53.140800,-0.1121394,-0.00183598,0.026703386666666665
2021-09-04 11:01:53.314800,-0.11212826666666666,-0.0018348666666666666,0.02669234
2021-09-04 11:01:53.488800,-0.11213143333333332,-0.00183312,0.026704203333333332
2021-09-04 11:01:53.662800,-0.11212506666666666,-0.00183312,0.026701183333333333
2021-09-04 11:01:53.836800,-0.11212699999999999,-0.0018380466666666666,0.026693433333333332
2021-09-04 11:01:54.010800,-0.11213396666666665,-0.00183741,0.026702313333333335
2021-09-04 11:01:54.184800,-0.11213016666666666,-0.00183614,0.0266984
2021-09-04 11:01:54.358800,-0.11213079999999999,-0.00183741,0.026702196666666667
2021-09-04 11:01:54.532800,-0.11213653333333333,-0.00183582,0.026699293333333332
2021-09-04 11:01:54.706800,-0.11213303333333334,-0.0018326433333333333,0.026706090000000002
2021-09-04 11:01:54.880800,-0.11212699999999999,-0.0018335966666666668,0.02669393
2021-09-04 11:01:55.054800,-0.11213079999999999,-0.00183471,0.02670328666666667
2021-09-04 11:01:55.228800,-0.1121292,-0.0018339133333333333,0.026700943333333334
2021-09-04 11:01:55.402800,-0.11213176666666667,-0.0018366166666666666,0.026708236666666666
2021-09-04 11:01:55.576800,-0.11213303333333334,-0.00183582,0.02670966666666667
2021-09-04 11:01:55.750800,-0.11212636666666666,-0.0018339133333333333,0.026707996666666668
2021-09-04 11:01:55.924800,-0.11212636666666666,-0.0018339133333333333,0.026707996666666668
2021-09-04 11:01:56.098800,-0.11212636666666666,-0.0018339133333333333,0.026707996666666668
2021-09-04 11:01:56.272800,-0.11212636666666666,-0.0018339133333333333,0.026707996666666668
2021-09-04 11:01:56.446800,-0.11212636666666666,-0.0018339133333333333,0.026707996666666668
2021-09-04 11:01:56.620800,-0.11212636666666666,-0.0018339133333333333,0.026707996666666668
2021-09-04 11:01:56.794800,-0.11212636666666666,-0.0018339133333333333,0.026707996666666668
2021-09-04 11:01:56.968800,-0.11212636666666666,-0.0018339133333333333,0.026707996666666668
2021-09-04 11:01:57.142800,-0.11212636666666666,-0.0018339133333333333,0.026707996666666668
2021-09-04 11:01:57.316800,-0.11212636666666666,-0.0018339133333333333,0.026707996666666668
2021-09-04 11:01:57.490800,-0.11212636666666666,-0.0018339133333333333,0.026707996666666668
2021-09-04 11:01:57.664800,-0.11212636666666666,-0.0018339133333333333,0.026707996666666668
2021-09-04 11:01:57.838800,-0.11212636666666666,-0.0018339133333333333,0.026707996666666668
2021-09-04 11:01:58.012800,-0.11212636666666666,-0.0018339133333333333,0.026707996666666668
2021-09-04 11:01:58.186800,-0.11212636666666666,-0.0018339133333333333,0.026707996666666668
2021-09-04 11:01:58.360800,-0.11212636666666666,-0.0018339133333333333,0.026707996666666668
2021-09-04 11:01:58.534800,-0.11212636666666666,-0.0018339133333333333,0.026707996666666668
2021-09-04 11:01:58.708800,-0.11212636666666666,-0.0018339133333333333,0.026707996666666668
