delays_time,delays
2021-09-04 10:59:55.995698,6.916898
2021-09-04 10:59:56.004545,6.925745
2021-09-04 10:59:56.012391,6.759591
2021-09-04 10:59:56.030417,5.037617
2021-09-04 10:59:56.030546,5.559746
2021-09-04 10:59:56.038518,5.219718
2021-09-04 10:59:56.045770,5.57497
2021-09-04 10:59:56.053727,1.899073
2021-09-04 10:59:56.062989,1.590189
2021-09-04 10:59:56.073528,6.646728
2021-09-04 10:59:56.078785,6.825985
2021-09-04 10:59:56.088080,6.31328
2021-09-04 10:59:56.096078,6.321278
2021-09-04 10:59:56.106202,7.375402
2021-09-04 10:59:56.121623,1.996823
2021-09-04 10:59:56.129450,6.87665
2021-09-04 10:59:56.138162,1.665362
2021-09-04 10:59:56.145907,7.589107
2021-09-04 10:59:56.155810,7.59901
2021-09-04 10:59:56.165396,1.692596
2021-09-04 10:59:56.171451,5.352651
2021-09-04 10:59:56.179044,6.752244
2021-09-04 10:59:56.196259,7.117459
2021-09-04 10:59:56.203866,5.037066
2021-09-04 10:59:56.212473,6.785673
2021-09-04 10:59:56.220872,7.664072
2021-09-04 10:59:56.229415,1.723385
2021-09-04 10:59:56.239164,6.237636
2021-09-04 10:59:56.247314,1.705486
2021-09-04 10:59:56.264319,5.445519
2021-09-04 10:59:56.271019,2.146219
2021-09-04 10:59:56.279024,7.548224
2021-09-04 10:59:56.287871,5.295071
2021-09-04 10:59:56.296552,7.565752
2021-09-04 10:59:56.307011,7.228211
2021-09-04 10:59:56.312598,2.187798
2021-09-04 10:59:56.320904,1.848104
2021-09-04 10:59:56.329469,6.554669
2021-09-04 10:59:56.337412,7.780612
2021-09-04 10:59:56.345395,1.872595
2021-09-04 10:59:56.354020,6.12278
2021-09-04 10:59:56.362099,7.805299
2021-09-04 10:59:56.371065,7.118265
2021-09-04 10:59:56.378956,7.648156
2021-09-04 10:59:56.387492,7.830692
2021-09-04 10:59:56.396896,7.144096
2021-09-04 10:59:56.404581,5.933781
2021-09-04 10:59:56.413146,7.334346
2021-09-04 10:59:56.429428,0.305372
2021-09-04 10:59:56.438156,2.139356
2021-09-04 10:59:56.454858,7.376058
2021-09-04 10:59:56.462629,6.687829
2021-09-04 10:59:56.471774,2.346974
2021-09-04 10:59:56.479859,7.749059
2021-09-04 10:59:56.487196,7.408396
2021-09-04 10:59:56.496228,7.069428
2021-09-04 10:59:56.504330,7.94753
2021-09-04 10:59:56.512646,1.440154
2021-09-04 10:59:56.520971,1.874171
2021-09-04 10:59:56.529767,0.205033
2021-09-04 10:59:56.546389,0.333589
2021-09-04 10:59:56.555158,5.736358
2021-09-04 10:59:56.562053,7.309253
2021-09-04 10:59:56.572133,7.841333
2021-09-04 10:59:56.578915,7.848115
2021-09-04 10:59:56.588376,2.463576
2021-09-04 10:59:56.596298,6.125498
2021-09-04 10:59:56.604320,6.13352
2021-09-04 10:59:56.612543,5.864257
2021-09-04 10:59:56.621996,0.460804
2021-09-04 10:59:56.654845,2.182045
2021-09-04 10:59:56.661969,5.843169
2021-09-04 10:59:56.671348,7.940548
2021-09-04 10:59:56.679029,5.512229
2021-09-04 10:59:56.697112,2.572312
2021-09-04 10:59:56.705612,7.278812
2021-09-04 10:59:56.729136,2.082336
2021-09-04 10:59:56.738496,2.439696
2021-09-04 10:59:56.746180,5.73062
2021-09-04 10:59:56.755328,6.284528
2021-09-04 10:59:56.762958,8.032158
2021-09-04 10:59:56.771620,4.21282
2021-09-04 10:59:56.778744,2.653944
2021-09-04 10:59:56.787812,6.317012
2021-09-04 10:59:56.795435,7.542635
2021-09-04 10:59:56.804505,7.029705
2021-09-04 10:59:56.812199,0.270601
2021-09-04 10:59:56.822362,7.047562
2021-09-04 10:59:56.829111,0.616311
2021-09-04 10:59:56.838092,8.281292
2021-09-04 10:59:56.851328,6.380528
2021-09-04 10:59:56.855277,7.602477
2021-09-04 10:59:56.863440,7.78464
2021-09-04 10:59:56.879183,7.800383
2021-09-04 10:59:56.887903,8.331103
2021-09-04 10:59:56.897005,8.340205
2021-09-04 10:59:56.920688,2.621888
2021-09-04 10:59:56.929891,2.457091
2021-09-04 10:59:56.938246,1.014554
2021-09-04 10:59:56.954145,6.135345
2021-09-04 10:59:56.962613,8.231813
2021-09-04 10:59:56.970963,7.544163
2021-09-04 10:59:56.979522,7.900722
2021-09-04 10:59:56.987445,6.168645
2021-09-04 10:59:56.996621,8.439821
2021-09-04 10:59:57.004441,2.531641
2021-09-04 10:59:57.012428,5.464372
2021-09-04 10:59:57.020708,0.062092
2021-09-04 10:59:57.029746,0.923054
2021-09-04 10:59:57.037788,5.439012
2021-09-04 10:59:57.049423,0.836623
2021-09-04 10:59:57.054168,2.581368
2021-09-04 10:59:57.063226,8.332426
2021-09-04 10:59:57.071154,7.818354
2021-09-04 10:59:57.079193,8.348393
2021-09-04 10:59:57.088344,7.313544
2021-09-04 10:59:57.095915,2.623115
2021-09-04 10:59:57.104377,2.631577
2021-09-04 10:59:57.112375,5.364425
2021-09-04 10:59:57.121206,5.355594
2021-09-04 10:59:57.129655,7.354855
2021-09-04 10:59:57.137376,2.490576
2021-09-04 10:59:57.146031,6.675231
2021-09-04 10:59:57.154452,6.683652
2021-09-04 10:59:57.163577,7.736777
2021-09-04 10:59:57.171130,6.17833
2021-09-04 10:59:57.179709,7.752909
2021-09-04 10:59:57.187660,6.36886
2021-09-04 10:59:57.195942,0.113142
2021-09-04 10:59:57.205047,0.747753
2021-09-04 10:59:57.212831,1.000031
2021-09-04 10:59:57.220942,0.731858
2021-09-04 10:59:57.229238,5.247562
2021-09-04 10:59:57.245686,7.470886
2021-09-04 10:59:57.255780,7.82898
2021-09-04 10:59:57.271052,7.844252
2021-09-04 10:59:57.280746,7.505946
2021-09-04 10:59:57.287450,6.81665
2021-09-04 10:59:57.295855,0.656945
2021-09-04 10:59:57.305912,0.223112
2021-09-04 10:59:57.312832,2.666032
2021-09-04 10:59:57.320284,1.107484
2021-09-04 10:59:57.329948,3.031148
2021-09-04 10:59:57.337151,7.562351
2021-09-04 10:59:57.345814,7.571014
2021-09-04 10:59:57.356359,8.103559
2021-09-04 10:59:57.362269,2.678531
2021-09-04 10:59:57.370814,8.640014
2021-09-04 10:59:57.378842,7.604042
2021-09-04 10:59:57.387101,5.089699
2021-09-04 10:59:57.396070,1.18327
2021-09-04 10:59:57.404392,0.548408
2021-09-04 10:59:57.412194,3.113394
2021-09-04 10:59:57.423352,0.340552
2021-09-04 10:59:57.437872,8.881072
2021-09-04 10:59:57.445674,8.192874
2021-09-04 10:59:57.456317,3.331517
2021-09-04 10:59:57.463614,3.338814
2021-09-04 10:59:57.471493,8.914693
2021-09-04 10:59:57.479469,4.997331
2021-09-04 10:59:57.487539,0.752739
2021-09-04 10:59:57.496331,2.849531
2021-09-04 10:59:57.512303,3.213503
2021-09-04 10:59:57.520646,3.221846
2021-09-04 10:59:57.529365,0.423435
2021-09-04 10:59:57.537451,6.718651
2021-09-04 10:59:57.545549,3.420749
2021-09-04 10:59:57.554348,8.823548
2021-09-04 10:59:57.562851,8.136051
2021-09-04 10:59:57.571452,8.318652
2021-09-04 10:59:57.579148,7.804348
2021-09-04 10:59:57.588145,1.375345
2021-09-04 10:59:57.645359,3.520559
2021-09-04 10:59:57.655123,8.924323
2021-09-04 10:59:57.662793,8.583993
2021-09-04 10:59:57.670568,7.895768
2021-09-04 10:59:57.678639,4.798161
2021-09-04 10:59:57.686852,9.130052
2021-09-04 10:59:57.700722,1.487922
2021-09-04 10:59:57.712178,3.413378
2021-09-04 10:59:57.721705,0.231095
2021-09-04 10:59:57.737887,9.181087
2021-09-04 10:59:57.745409,9.014609
2021-09-04 10:59:57.753744,0.721056
2021-09-04 10:59:57.763360,7.98856
2021-09-04 10:59:57.771591,7.996791
2021-09-04 10:59:57.779257,0.696457
2021-09-04 10:59:57.811900,0.7291
2021-09-04 10:59:57.820773,3.347973
2021-09-04 10:59:57.829956,8.403156
2021-09-04 10:59:57.859309,5.300509
2021-09-04 10:59:57.863434,8.436634
2021-09-04 10:59:57.870729,3.397929
2021-09-04 10:59:57.878824,3.580024
2021-09-04 10:59:57.904319,3.605519
2021-09-04 10:59:57.912830,7.44203
2021-09-04 10:59:57.921491,7.102691
2021-09-04 10:59:57.929440,6.93664
2021-09-04 10:59:57.938421,3.813621
2021-09-04 10:59:57.946096,9.215296
2021-09-04 10:59:57.954813,7.136013
2021-09-04 10:59:57.962421,8.187621
2021-09-04 10:59:57.971459,0.018659
2021-09-04 10:59:57.978723,0.025923
2021-09-04 10:59:57.987471,3.514671
2021-09-04 10:59:57.998516,9.441716
2021-09-04 10:59:58.004697,3.531897
2021-09-04 10:59:58.012831,9.456031
2021-09-04 10:59:58.021318,8.246518
2021-09-04 10:59:58.029629,7.210829
2021-09-04 10:59:58.037668,7.218868
2021-09-04 10:59:58.045565,8.270765
2021-09-04 10:59:58.053923,8.975123
2021-09-04 10:59:58.062477,8.983677
2021-09-04 10:59:58.072263,3.947463
2021-09-04 10:59:58.079706,8.826906
2021-09-04 10:59:58.087926,7.617126
2021-09-04 10:59:58.103946,4.372854
2021-09-04 10:59:58.112616,1.029816
2021-09-04 10:59:58.121774,4.355026
2021-09-04 10:59:58.129462,8.876662
2021-09-04 10:59:58.137794,9.406994
2021-09-04 10:59:58.145563,6.978763
2021-09-04 10:59:58.154586,5.595786
2021-09-04 10:59:58.162721,8.735921
2021-09-04 10:59:58.170510,7.69971
2021-09-04 10:59:58.178663,3.879863
2021-09-04 10:59:58.187703,3.888903
2021-09-04 10:59:58.195695,3.548895
2021-09-04 10:59:58.204006,3.905206
2021-09-04 10:59:58.214252,0.261452
2021-09-04 10:59:58.220631,4.095831
2021-09-04 10:59:58.228851,7.062051
2021-09-04 10:59:58.246498,7.079698
2021-09-04 10:59:58.254072,7.261272
2021-09-04 10:59:58.262103,7.791303
2021-09-04 10:59:58.271218,7.452418
2021-09-04 10:59:58.279125,1.196325
2021-09-04 10:59:58.287747,3.640947
2021-09-04 10:59:58.296115,4.180685
2021-09-04 10:59:58.304327,4.172473
2021-09-04 10:59:58.312217,4.187417
2021-09-04 10:59:58.320886,8.894086
2021-09-04 10:59:58.329362,9.250562
2021-09-04 10:59:58.337672,9.258872
2021-09-04 10:59:58.345524,9.266724
2021-09-04 10:59:58.354561,8.927761
2021-09-04 10:59:58.362917,8.588117
2021-09-04 10:59:58.372167,9.815367
2021-09-04 10:59:58.379863,9.127063
2021-09-04 10:59:58.387451,3.914651
2021-09-04 10:59:58.396352,3.923552
2021-09-04 10:59:58.404542,9.151742
2021-09-04 10:59:58.412578,8.637778
2021-09-04 10:59:58.428771,9.175971
2021-09-04 10:59:58.438253,5.879453
2021-09-04 10:59:58.445664,5.886864
2021-09-04 10:59:58.453794,7.634994
2021-09-04 10:59:58.463189,7.992389
2021-09-04 10:59:58.471230,8.69643
2021-09-04 10:59:58.478804,0.526004
2021-09-04 10:59:58.487456,3.989344
2021-09-04 10:59:58.499316,7.680516
2021-09-04 10:59:58.504629,9.251829
2021-09-04 10:59:58.512738,9.781938
2021-09-04 10:59:58.521146,7.528346
2021-09-04 10:59:58.529952,9.103152
2021-09-04 10:59:58.538118,4.413318
2021-09-04 10:59:58.546517,9.815717
2021-09-04 10:59:58.553891,7.735091
2021-09-04 10:59:58.562682,0.609882
2021-09-04 10:59:58.571231,7.752431
2021-09-04 10:59:58.579155,0.626355
2021-09-04 10:59:58.587172,8.812372
2021-09-04 10:59:58.595807,8.125007
2021-09-04 10:59:58.604351,4.479551
2021-09-04 10:59:58.611975,7.967175
2021-09-04 10:59:58.620240,9.88944
2021-09-04 10:59:58.629532,10.072732
2021-09-04 10:59:58.637246,4.164446
2021-09-04 10:59:58.645378,7.826578
2021-09-04 10:59:58.654496,7.835696
2021-09-04 10:59:58.662596,4.363796
2021-09-04 10:59:58.672546,4.199746
2021-09-04 10:59:58.679789,8.208989
2021-09-04 10:59:58.688271,9.261471
2021-09-04 10:59:58.695586,7.702786
2021-09-04 10:59:58.704271,9.625471
2021-09-04 10:59:58.711936,9.633136
2021-09-04 10:59:58.720980,9.46818
2021-09-04 10:59:58.729039,8.954239
2021-09-04 10:59:58.737788,4.264988
2021-09-04 10:59:58.747099,8.972299
2021-09-04 10:59:58.762509,4.289709
2021-09-04 10:59:58.770758,8.995958
2021-09-04 10:59:58.778626,9.003826
2021-09-04 10:59:58.787263,9.360463
2021-09-04 10:59:58.795661,9.542861
2021-09-04 10:59:58.804081,9.029281
2021-09-04 10:59:58.812606,9.733806
2021-09-04 10:59:58.821046,4.696246
2021-09-04 10:59:58.829181,10.098381
2021-09-04 10:59:58.838155,8.367355
2021-09-04 10:59:58.846443,7.853643
2021-09-04 10:59:58.854426,4.381626
2021-09-04 10:59:58.862365,10.305565
2021-09-04 10:59:58.879783,8.060983
2021-09-04 10:59:58.888611,9.113811
2021-09-04 10:59:58.895601,8.424801
2021-09-04 10:59:58.904980,4.78018
2021-09-04 10:59:58.912350,7.91955
2021-09-04 10:59:58.920671,10.189871
2021-09-04 10:59:58.929200,8.1104
2021-09-04 10:59:58.937266,9.510466
2021-09-04 10:59:58.945784,4.472984
2021-09-04 10:59:58.954697,9.701897
2021-09-04 10:59:58.966436,9.191636
2021-09-04 10:59:58.972578,8.501778
2021-09-04 10:59:58.979485,9.552685
2021-09-04 10:59:58.987498,0.512698
2021-09-04 10:59:58.995672,9.916872
2021-09-04 10:59:59.004294,0.529494
2021-09-04 10:59:59.012824,9.586024
2021-09-04 10:59:59.021515,9.768715
2021-09-04 10:59:59.037798,10.480998
2021-09-04 10:59:59.039907,9.613107
2021-09-04 10:59:59.045295,4.572495
2021-09-04 10:59:59.053763,8.234963
2021-09-04 10:59:59.062353,4.937553
2021-09-04 10:59:59.079123,8.086323
2021-09-04 10:59:59.088227,10.357427
2021-09-04 10:59:59.095552,8.276752
2021-09-04 10:59:59.104735,8.285935
2021-09-04 10:59:59.114082,9.861282
2021-09-04 10:59:59.120791,9.345991
2021-09-04 10:59:59.129732,9.702932
2021-09-04 10:59:59.138419,8.145619
2021-09-04 10:59:59.145358,0.670558
2021-09-04 10:59:59.154055,10.423255
2021-09-04 10:59:59.162477,9.735677
2021-09-04 10:59:59.171754,8.700954
2021-09-04 10:59:59.178745,10.099945
2021-09-04 10:59:59.187444,9.412644
2021-09-04 10:59:59.195869,4.723069
2021-09-04 10:59:59.204587,9.951787
2021-09-04 10:59:59.212252,8.393452
2021-09-04 10:59:59.220462,0.745662
2021-09-04 10:59:59.229171,9.802371
2021-09-04 10:59:59.237444,9.984644
2021-09-04 10:59:59.245610,9.99281
2021-09-04 10:59:59.257083,5.132283
2021-09-04 10:59:59.263003,10.010203
2021-09-04 10:59:59.271101,10.192301
2021-09-04 10:59:59.279132,8.634332
2021-09-04 10:59:59.287077,0.812277
2021-09-04 10:59:59.305441,10.226641
2021-09-04 10:59:59.312202,9.885402
2021-09-04 10:59:59.324306,9.549506
2021-09-04 10:59:59.341264,9.566464
2021-09-04 10:59:59.345536,8.526736
2021-09-04 10:59:59.354254,10.623454
2021-09-04 10:59:59.362123,9.935323
2021-09-04 10:59:59.370910,8.20411
2021-09-04 10:59:59.379096,8.734296
2021-09-04 10:59:59.389332,0.914532
2021-09-04 10:59:59.396126,10.317326
2021-09-04 10:59:59.403840,10.32504
2021-09-04 10:59:59.413210,8.94241
2021-09-04 10:59:59.420497,9.993697
2021-09-04 10:59:59.429647,8.958847
2021-09-04 10:59:59.437392,10.706592
2021-09-04 10:59:59.446109,5.321309
2021-09-04 10:59:59.453994,5.329194
2021-09-04 10:59:59.462792,8.295992
2021-09-04 10:59:59.470773,10.217973
2021-09-04 10:59:59.487366,10.408566
2021-09-04 10:59:59.496017,10.069217
2021-09-04 10:59:59.504171,10.773371
2021-09-04 10:59:59.511945,10.781145
2021-09-04 10:59:59.522113,5.397313
2021-09-04 10:59:59.529124,10.798324
2021-09-04 10:59:59.537823,10.807023
2021-09-04 10:59:59.546037,10.467237
2021-09-04 10:59:59.554734,9.083934
2021-09-04 10:59:59.564929,10.138129
2021-09-04 10:59:59.571975,10.145175
2021-09-04 10:59:59.578623,5.453823
2021-09-04 10:59:59.596860,10.86606
2021-09-04 10:59:59.605014,9.134214
2021-09-04 10:59:59.612246,10.185446
2021-09-04 10:59:59.621830,5.14903
2021-09-04 10:59:59.634637,10.207837
2021-09-04 10:59:59.637535,1.684735
2021-09-04 10:59:59.645415,10.392615
2021-09-04 10:59:59.654138,1.179338
2021-09-04 10:59:59.663117,9.018317
2021-09-04 10:59:59.669996,7.111196
2021-09-04 10:59:59.679784,7.120984
2021-09-04 10:59:59.687323,8.520523
2021-09-04 10:59:59.696202,5.571402
2021-09-04 10:59:59.707777,9.236977
2021-09-04 10:59:59.713346,11.156546
2021-09-04 10:59:59.721539,9.946739
2021-09-04 10:59:59.729697,9.954897
2021-09-04 10:59:59.737217,8.918417
2021-09-04 10:59:59.745727,11.014927
2021-09-04 10:59:59.762382,7.203582
2021-09-04 10:59:59.778701,8.785901
2021-09-04 10:59:59.787396,11.230596
2021-09-04 10:59:59.795840,5.32304
2021-09-04 10:59:59.803991,5.679191
2021-09-04 10:59:59.812554,10.385754
2021-09-04 10:59:59.820668,10.393868
2021-09-04 10:59:59.828979,1.354179
2021-09-04 10:59:59.837342,8.844542
2021-09-04 10:59:59.845896,1.371096
2021-09-04 10:59:59.855331,8.862531
2021-09-04 10:59:59.867079,1.392279
2021-09-04 10:59:59.872630,10.44583
2021-09-04 10:59:59.880076,10.627276
2021-09-04 10:59:59.887841,2.588959
2021-09-04 10:59:59.895844,9.077044
2021-09-04 10:59:59.904024,10.477224
2021-09-04 10:59:59.911970,10.48517
2021-09-04 10:59:59.920694,1.445894
2021-09-04 10:59:59.928615,5.803815
2021-09-04 10:59:59.938247,1.463447
2021-09-04 10:59:59.945671,11.214871
2021-09-04 10:59:59.954828,7.396028
2021-09-04 10:59:59.962722,8.795922
2021-09-04 10:59:59.970615,9.325815
2021-09-04 10:59:59.978518,5.853718
2021-09-04 10:59:59.988237,11.257437
2021-09-04 10:59:59.995874,11.265074
2021-09-04 11:00:00.004860,10.92606
2021-09-04 11:00:00.012259,10.933459
2021-09-04 11:00:00.020492,5.895692
2021-09-04 11:00:00.029174,10.602374
2021-09-04 11:00:00.038267,10.959467
2021-09-04 11:00:00.045790,11.31499
2021-09-04 11:00:00.054799,10.627999
2021-09-04 11:00:00.062361,7.503561
2021-09-04 11:00:00.079400,8.9126
2021-09-04 11:00:00.096142,9.103342
2021-09-04 11:00:00.112222,11.381422
2021-09-04 11:00:00.120546,10.693746
2021-09-04 11:00:00.129750,10.87695
2021-09-04 11:00:00.138588,9.319788
2021-09-04 11:00:00.145560,11.41476
2021-09-04 11:00:00.161807,8.995007
2021-09-04 11:00:00.171438,11.440638
2021-09-04 11:00:00.178873,6.054073
2021-09-04 11:00:00.187000,1.7122
2021-09-04 11:00:00.195940,10.94314
2021-09-04 11:00:00.205070,11.47427
2021-09-04 11:00:00.212121,10.959321
2021-09-04 11:00:00.226175,10.799375
2021-09-04 11:00:00.230772,10.803972
2021-09-04 11:00:00.237565,11.506765
2021-09-04 11:00:00.245342,0.204542
2021-09-04 11:00:00.253794,9.260994
2021-09-04 11:00:00.262843,1.788043
2021-09-04 11:00:00.270274,7.711474
2021-09-04 11:00:00.278829,1.804029
2021-09-04 11:00:00.287980,10.86118
2021-09-04 11:00:00.297683,11.044883
2021-09-04 11:00:00.304219,2.172581
2021-09-04 11:00:00.312331,11.755531
2021-09-04 11:00:00.320725,5.847925
2021-09-04 11:00:00.329190,11.59839
2021-09-04 11:00:00.337441,11.606641
2021-09-04 11:00:00.345288,9.700488
2021-09-04 11:00:00.354548,0.313748
2021-09-04 11:00:00.362190,9.71739
2021-09-04 11:00:00.371190,9.37839
2021-09-04 11:00:00.378510,6.25371
2021-09-04 11:00:00.396441,6.271641
2021-09-04 11:00:00.404422,11.325622
2021-09-04 11:00:00.411932,1.937132
2021-09-04 11:00:00.420763,1.945963
2021-09-04 11:00:00.428732,0.387932
2021-09-04 11:00:00.437016,11.706216
2021-09-04 11:00:00.453791,9.808991
2021-09-04 11:00:00.462919,6.338119
2021-09-04 11:00:00.471063,11.392263
2021-09-04 11:00:00.479709,9.834909
2021-09-04 11:00:00.487354,11.234554
2021-09-04 11:00:00.495887,11.069087
2021-09-04 11:00:00.512319,2.037519
2021-09-04 11:00:00.521283,7.962483
2021-09-04 11:00:00.529965,9.537165
2021-09-04 11:00:00.545818,9.901018
2021-09-04 11:00:00.554931,11.824131
2021-09-04 11:00:00.570177,10.099377
2021-09-04 11:00:00.578326,9.585526
2021-09-04 11:00:00.586979,6.462179
2021-09-04 11:00:00.595649,11.864849
2021-09-04 11:00:00.606532,6.481732
2021-09-04 11:00:00.613396,11.360596
2021-09-04 11:00:00.622037,6.497237
2021-09-04 11:00:00.631346,11.900546
2021-09-04 11:00:00.640605,8.081805
2021-09-04 11:00:00.645547,10.000747
2021-09-04 11:00:00.654877,9.662077
2021-09-04 11:00:00.663477,9.670677
2021-09-04 11:00:00.672639,9.679839
2021-09-04 11:00:00.679099,9.686299
2021-09-04 11:00:00.691933,11.961133
2021-09-04 11:00:00.698391,6.573591
2021-09-04 11:00:00.712441,11.633641
2021-09-04 11:00:00.720470,2.24567
2021-09-04 11:00:00.729288,6.604488
2021-09-04 11:00:00.738160,11.48536
2021-09-04 11:00:00.746050,12.01525
2021-09-04 11:00:00.756586,6.631786
2021-09-04 11:00:00.764097,11.685297
2021-09-04 11:00:00.771645,6.646845
2021-09-04 11:00:00.779435,11.700635
2021-09-04 11:00:00.787997,12.057197
2021-09-04 11:00:00.804894,6.680094
2021-09-04 11:00:00.812099,9.819299
2021-09-04 11:00:00.821489,2.346689
2021-09-04 11:00:00.829403,12.098603
2021-09-04 11:00:00.839297,2.364497
2021-09-04 11:00:00.854639,11.427839
2021-09-04 11:00:00.862048,12.131248
2021-09-04 11:00:00.870971,10.400171
2021-09-04 11:00:00.878817,11.800017
2021-09-04 11:00:00.887317,12.156517
2021-09-04 11:00:00.896016,6.771216
2021-09-04 11:00:00.906927,9.914127
2021-09-04 11:00:00.912619,10.267819
2021-09-04 11:00:00.923364,9.756564
2021-09-04 11:00:00.930559,9.763759
2021-09-04 11:00:00.939911,2.465111
2021-09-04 11:00:00.945926,2.471126
2021-09-04 11:00:00.953939,6.829139
2021-09-04 11:00:00.963765,12.232965
2021-09-04 11:00:00.970886,6.846086
2021-09-04 11:00:00.978790,11.72599
2021-09-04 11:00:01.004456,12.273656
2021-09-04 11:00:01.011913,12.281113
2021-09-04 11:00:01.020881,10.376081
2021-09-04 11:00:01.029203,12.298403
2021-09-04 11:00:01.045855,8.487055
2021-09-04 11:00:01.056243,6.931443
2021-09-04 11:00:01.063156,10.418356
2021-09-04 11:00:01.071725,11.992925
2021-09-04 11:00:01.078872,12.000072
2021-09-04 11:00:01.095574,11.668774
2021-09-04 11:00:01.104676,9.937876
2021-09-04 11:00:01.112243,6.987443
2021-09-04 11:00:01.130032,7.005232
2021-09-04 11:00:01.137961,12.059161
2021-09-04 11:00:01.145177,12.414377
2021-09-04 11:00:01.155389,2.680589
2021-09-04 11:00:01.162919,7.038119
2021-09-04 11:00:01.171214,10.352414
2021-09-04 11:00:01.178977,12.100177
2021-09-04 11:00:01.196082,12.117282
2021-09-04 11:00:01.212349,2.737549
2021-09-04 11:00:01.220513,7.095713
2021-09-04 11:00:01.230384,8.671584
2021-09-04 11:00:01.239432,1.198632
2021-09-04 11:00:01.246130,2.77133
2021-09-04 11:00:01.254646,12.175846
2021-09-04 11:00:01.263355,12.532555
2021-09-04 11:00:01.271461,10.800661
2021-09-04 11:00:01.278850,11.50405
2021-09-04 11:00:01.292300,10.8215
2021-09-04 11:00:01.305470,7.18067
2021-09-04 11:00:01.311786,10.318986
2021-09-04 11:00:01.329093,1.288293
2021-09-04 11:00:01.345478,2.870678
2021-09-04 11:00:01.358009,10.365209
2021-09-04 11:00:01.362553,1.321753
2021-09-04 11:00:01.371958,11.945158
2021-09-04 11:00:01.378978,10.908178
2021-09-04 11:00:01.387395,11.960595
2021-09-04 11:00:01.395717,7.270917
2021-09-04 11:00:01.404101,12.673301
2021-09-04 11:00:01.412794,12.681994
2021-09-04 11:00:01.421161,12.690361
2021-09-04 11:00:01.445225,10.278425
2021-09-04 11:00:01.462051,10.817251
2021-09-04 11:00:01.470848,12.392048
2021-09-04 11:00:01.487422,10.494622
2021-09-04 11:00:01.496767,12.417967
2021-09-04 11:00:01.505072,12.078272
2021-09-04 11:00:01.517326,12.438526
2021-09-04 11:00:01.529343,3.054543
2021-09-04 11:00:01.538509,11.067709
2021-09-04 11:00:01.545503,11.074703
2021-09-04 11:00:01.554428,12.823628
2021-09-04 11:00:01.562854,12.832054
2021-09-04 11:00:01.571103,7.446303
2021-09-04 11:00:01.578903,10.412103
2021-09-04 11:00:01.596368,12.865568
2021-09-04 11:00:01.603946,12.525146
2021-09-04 11:00:01.612145,12.533345
2021-09-04 11:00:01.629389,9.070589
2021-09-04 11:00:01.637329,10.644529
2021-09-04 11:00:01.645628,10.478828
2021-09-04 11:00:01.653839,7.529039
2021-09-04 11:00:01.662452,12.235652
2021-09-04 11:00:01.672538,12.593738
2021-09-04 11:00:01.679549,11.208749
2021-09-04 11:00:01.687958,7.563158
2021-09-04 11:00:01.696864,10.878064
2021-09-04 11:00:01.704680,12.27788
2021-09-04 11:00:01.712093,7.587293
2021-09-04 11:00:01.722148,11.077348
2021-09-04 11:00:01.729327,10.736527
2021-09-04 11:00:01.745934,3.271134
2021-09-04 11:00:01.754072,12.501272
2021-09-04 11:00:01.770561,10.777761
2021-09-04 11:00:01.778518,13.047718
2021-09-04 11:00:01.794605,12.541805
2021-09-04 11:00:01.805019,12.726219
2021-09-04 11:00:01.813421,10.820621
2021-09-04 11:00:01.821579,13.090779
2021-09-04 11:00:01.829352,7.704552
2021-09-04 11:00:01.837571,10.844771
2021-09-04 11:00:01.845631,12.418831
2021-09-04 11:00:01.854123,10.861323
2021-09-04 11:00:01.863882,10.871082
2021-09-04 11:00:01.872092,12.793292
2021-09-04 11:00:01.879086,13.148286
2021-09-04 11:00:01.892596,13.161796
2021-09-04 11:00:01.896027,10.903227
2021-09-04 11:00:01.904721,10.737921
2021-09-04 11:00:01.913536,9.354736
2021-09-04 11:00:01.922336,10.755536
2021-09-04 11:00:01.932377,9.373577
2021-09-04 11:00:01.940921,9.382121
2021-09-04 11:00:01.963638,7.490838
2021-09-04 11:00:01.972256,11.501456
2021-09-04 11:00:01.979745,11.508945
2021-09-04 11:00:01.987439,11.168639
2021-09-04 11:00:01.995871,12.743071
2021-09-04 11:00:02.004647,11.011847
2021-09-04 11:00:02.012320,11.36752
2021-09-04 11:00:02.024690,11.37989
2021-09-04 11:00:02.042298,11.397498
2021-09-04 11:00:02.047109,11.054309
2021-09-04 11:00:02.054718,12.801918
2021-09-04 11:00:02.063085,12.810285
2021-09-04 11:00:02.070556,12.991756
2021-09-04 11:00:02.079365,12.652565
2021-09-04 11:00:02.097162,11.452362
2021-09-04 11:00:02.104447,10.937647
2021-09-04 11:00:02.121561,13.042761
2021-09-04 11:00:02.130124,13.051324
2021-09-04 11:00:02.137749,11.666949
2021-09-04 11:00:02.145543,13.414743
2021-09-04 11:00:02.155294,3.680494
2021-09-04 11:00:02.162666,10.995866
2021-09-04 11:00:02.171622,8.046822
2021-09-04 11:00:02.187993,11.543193
2021-09-04 11:00:02.196121,11.551321
2021-09-04 11:00:02.204841,11.038041
2021-09-04 11:00:02.220546,11.227746
2021-09-04 11:00:02.229583,8.104783
2021-09-04 11:00:02.238384,13.159584
2021-09-04 11:00:02.246026,13.515226
2021-09-04 11:00:02.253928,11.435128
2021-09-04 11:00:02.262295,13.183495
2021-09-04 11:00:02.271936,13.541136
2021-09-04 11:00:02.279466,11.286666
2021-09-04 11:00:02.287100,11.6423
2021-09-04 11:00:02.295867,3.821067
2021-09-04 11:00:02.304756,11.659956
2021-09-04 11:00:02.312767,3.837967
2021-09-04 11:00:02.321292,2.280492
2021-09-04 11:00:02.328847,13.598047
2021-09-04 11:00:02.337739,13.258939
2021-09-04 11:00:02.345894,8.221094
2021-09-04 11:00:02.353997,7.881197
2021-09-04 11:00:02.362466,13.109666
2021-09-04 11:00:02.370931,11.378131
2021-09-04 11:00:02.378875,13.300075
2021-09-04 11:00:02.387557,8.262757
2021-09-04 11:00:02.395234,11.576434
2021-09-04 11:00:02.404511,13.673711
2021-09-04 11:00:02.412388,11.941588
2021-09-04 11:00:02.423201,4.470401
2021-09-04 11:00:02.429594,13.872794
2021-09-04 11:00:02.438371,13.881571
2021-09-04 11:00:02.445481,0.031319
2021-09-04 11:00:02.454140,11.98334
2021-09-04 11:00:02.463369,8.164569
2021-09-04 11:00:02.471393,0.005407
2021-09-04 11:00:02.488373,8.189573
2021-09-04 11:00:02.569007,8.270207
2021-09-04 11:00:02.587373,0.063427
2021-09-04 11:00:02.745291,0.079509
2021-09-04 11:00:02.855807,0.205007
2021-09-04 11:00:02.904296,0.094504
2021-09-04 11:00:03.045504,0.127296
2021-09-04 11:00:03.078906,0.428106
2021-09-04 11:00:03.204674,0.142126
2021-09-04 11:00:03.264424,12.619624
2021-09-04 11:00:03.282605,0.283805
2021-09-04 11:00:03.363467,0.157333
2021-09-04 11:00:03.495453,0.199347
2021-09-04 11:00:03.644995,0.223805
2021-09-04 11:00:03.812703,0.230097
2021-09-04 11:00:03.970907,0.245893
2021-09-04 11:00:04.112295,0.278505
2021-09-04 11:00:04.263542,0.301258
2021-09-04 11:00:04.411947,0.326853
2021-09-04 11:00:04.562459,0.350341
2021-09-04 11:00:04.712004,0.374796
2021-09-04 11:00:04.844971,0.415829
2021-09-04 11:00:04.996208,0.438592
2021-09-04 11:00:05.145637,0.463163
2021-09-04 11:00:05.295568,0.487232
2021-09-04 11:00:05.445568,0.511232
2021-09-04 11:00:05.611663,0.519137
2021-09-04 11:00:05.768265,0.536535
2021-09-04 11:00:05.912780,0.56602
2021-09-04 11:00:06.053494,0.599306
2021-09-04 11:00:06.080046,24.236754
2021-09-04 11:00:06.204709,0.622091
2021-09-04 11:00:06.354336,0.646464
2021-09-04 11:00:06.497026,0.677774
2021-09-04 11:00:06.645582,0.703218
2021-09-04 11:00:06.787785,0.735015
2021-09-04 11:00:06.947175,0.749625
2021-09-04 11:00:07.087015,0.783785
2021-09-04 11:00:07.229629,0.815171
2021-09-04 11:00:07.373032,0.845768
2021-09-04 11:00:07.512080,0.88072
2021-09-04 11:00:07.611973,3.216827
2021-09-04 11:00:07.662639,0.904161
2021-09-04 11:00:07.821519,0.919281
2021-09-04 11:00:07.963142,0.951658
2021-09-04 11:00:08.111606,0.977194
2021-09-04 11:00:08.237923,1.024877
2021-09-04 11:00:08.383450,1.05335
2021-09-04 11:00:08.427488,0.313312
2021-09-04 11:00:08.520070,1.09073
2021-09-04 11:00:08.679300,1.1055
2021-09-04 11:00:08.824059,1.134741
2021-09-04 11:00:08.978617,1.154183
2021-09-04 11:00:09.246612,1.234188
2021-09-04 11:00:09.387317,2.137483
2021-09-04 11:00:09.403846,1.250954
2021-09-04 11:00:09.553673,1.275127
2021-09-04 11:00:09.712343,1.290457
2021-09-04 11:00:09.861714,1.315086
2021-09-04 11:00:10.011384,1.339416
2021-09-04 11:00:10.163690,1.36111
2021-09-04 11:00:10.312168,1.386632
2021-09-04 11:00:10.454505,1.418295
2021-09-04 11:00:10.596644,1.450156
2021-09-04 11:00:10.754611,1.466189
2021-09-04 11:00:10.903278,1.491522
2021-09-04 11:00:11.055104,1.513696
2021-09-04 11:00:11.195584,1.547216
2021-09-04 11:00:11.486915,1.603885
2021-09-04 11:00:11.628752,1.636048
2021-09-04 11:00:11.779105,1.659695
2021-09-04 11:00:11.920520,1.69228
2021-09-04 11:00:12.054378,1.732422
2021-09-04 11:00:12.211484,1.749316
2021-09-04 11:00:12.363712,1.771088
2021-09-04 11:00:12.511629,1.797171
2021-09-04 11:00:12.654677,1.828123
2021-09-04 11:00:12.796327,1.860473
2021-09-04 11:00:12.931013,1.899787
2021-09-04 11:00:13.080430,1.92437
2021-09-04 11:00:13.238298,1.940502
2021-09-04 11:00:13.378450,1.97435
2021-09-04 11:00:13.521193,2.005607
2021-09-04 11:00:13.667580,2.03322
2021-09-04 11:00:13.811497,2.063303
2021-09-04 11:00:13.973834,2.074966
2021-09-04 11:00:14.129554,2.093246
2021-09-04 11:00:14.263203,2.133597
2021-09-04 11:00:14.405164,2.165636
2021-09-04 11:00:14.554420,2.19038
2021-09-04 11:00:14.711523,2.207277
2021-09-04 11:00:14.861842,2.230958
2021-09-04 11:00:15.011133,2.255667
2021-09-04 11:00:15.162064,2.278736
2021-09-04 11:00:15.311654,2.303146
2021-09-04 11:00:15.452504,2.336296
2021-09-04 11:00:15.604092,2.358708
2021-09-04 11:00:15.653520,2.83128
2021-09-04 11:00:15.761575,2.375225
2021-09-04 11:00:15.911835,2.398965
2021-09-04 11:00:15.970043,1.992757
2021-09-04 11:00:16.062016,2.422784
2021-09-04 11:00:16.078989,1.883811
2021-09-04 11:00:16.204082,2.454718
2021-09-04 11:00:16.344200,2.4886
2021-09-04 11:00:16.486838,2.519962
2021-09-04 11:00:16.664064,2.516736
2021-09-04 11:00:16.811855,2.542945
2021-09-04 11:00:16.952705,2.576095
2021-09-04 11:00:16.963624,24.315176
2021-09-04 11:00:17.087513,2.615287
2021-09-04 11:00:17.228210,24.74659
2021-09-04 11:00:17.544793,2.680007
2021-09-04 11:00:17.712166,2.686634
2021-09-04 11:00:17.861113,2.711687
2021-09-04 11:00:17.997879,2.748921
2021-09-04 11:00:18.136707,2.784093
2021-09-04 11:00:18.286274,2.808526
2021-09-04 11:00:18.436835,2.831965
2021-09-04 11:00:18.586759,2.856041
2021-09-04 11:00:18.728468,2.888332
2021-09-04 11:00:18.861357,2.929443
2021-09-04 11:00:19.010648,2.954152
2021-09-04 11:00:19.177765,2.961035
2021-09-04 11:00:19.336590,2.97621
2021-09-04 11:00:19.477861,3.008939
2021-09-04 11:00:19.620095,3.040705
2021-09-04 11:00:19.777572,3.057228
2021-09-04 11:00:19.928123,3.080677
2021-09-04 11:00:20.071798,3.111002
2021-09-04 11:00:20.211410,3.14539
2021-09-04 11:00:20.352535,3.178265
2021-09-04 11:00:20.512089,3.192711
2021-09-04 11:00:20.662812,3.215988
2021-09-04 11:00:20.802935,3.249865
2021-09-04 11:00:20.838222,2.692578
2021-09-04 11:00:20.947596,3.279204
2021-09-04 11:00:21.044323,11.012477
2021-09-04 11:00:21.104827,3.295973
2021-09-04 11:00:21.220708,9.618092
2021-09-04 11:00:21.253526,3.321274
2021-09-04 11:00:21.396113,3.352687
2021-09-04 11:00:21.477635,40.681165
2021-09-04 11:00:21.536890,3.38591
2021-09-04 11:00:21.695927,3.400873
2021-09-04 11:00:21.797802,3.994998
2021-09-04 11:00:21.836474,3.434326
2021-09-04 11:00:21.994396,3.450404
2021-09-04 11:00:22.136703,3.482097
2021-09-04 11:00:22.278031,3.514769
2021-09-04 11:00:22.403874,1.657074
2021-09-04 11:00:22.419277,3.547523
2021-09-04 11:00:22.552107,3.588693
2021-09-04 11:00:22.711691,3.603109
2021-09-04 11:00:22.878027,3.610773
2021-09-04 11:00:23.027916,3.634884
2021-09-04 11:00:23.170550,3.66625
2021-09-04 11:00:23.305104,3.705696
2021-09-04 11:00:23.471680,3.71312
2021-09-04 11:00:23.619527,40.801273
2021-09-04 11:00:23.628411,3.730389
2021-09-04 11:00:23.785504,3.747296
2021-09-04 11:00:23.929283,3.777517
2021-09-04 11:00:24.077329,3.803471
2021-09-04 11:00:24.178349,15.882451
2021-09-04 11:00:24.244700,3.8101
2021-09-04 11:00:24.394378,3.834422
2021-09-04 11:00:24.553322,3.849478
2021-09-04 11:00:24.704122,3.872678
2021-09-04 11:00:25.136353,6.572447
2021-09-04 11:00:25.186842,3.911958
2021-09-04 11:00:25.323263,1.339537
2021-09-04 11:00:25.336400,3.9364
2021-09-04 11:00:25.510786,3.936014
2021-09-04 11:00:25.661715,3.959085
2021-09-04 11:00:25.830750,3.96405
2021-09-04 11:00:25.985534,3.983266
2021-09-04 11:00:26.144185,3.998615
2021-09-04 11:00:26.311090,4.00571
2021-09-04 11:00:26.344185,1.943385
2021-09-04 11:00:26.429083,1.854283
2021-09-04 11:00:26.463042,4.027758
2021-09-04 11:00:26.578466,4.260334
2021-09-04 11:00:26.619032,4.045768
2021-09-04 11:00:26.761989,4.076811
2021-09-04 11:00:26.778265,3.712535
2021-09-04 11:00:27.086443,4.100357
2021-09-04 11:00:27.227128,4.133672
2021-09-04 11:00:27.394276,4.140524
2021-09-04 11:00:27.544354,4.164446
2021-09-04 11:00:27.704216,4.178584
2021-09-04 11:00:27.860682,4.196118
2021-09-04 11:00:27.936905,1.161895
2021-09-04 11:00:28.011227,4.219573
2021-09-04 11:00:30.128704,11.846096
2021-09-04 11:00:30.563274,4.451526
2021-09-04 11:00:30.970971,18.833829
2021-09-04 11:00:32.045168,8.189632
2021-09-04 11:00:32.186712,7.874088
2021-09-04 11:00:32.361941,4.133141
2021-09-04 11:00:34.018560,4.65024
2021-09-04 11:00:34.211020,4.63178
2021-09-04 11:00:34.369678,6.662878
2021-09-04 11:00:34.385377,4.631423
2021-09-04 11:00:34.510542,6.803742
2021-09-04 11:00:34.577390,4.61341
2021-09-04 11:00:34.743680,4.62112
2021-09-04 11:00:34.911183,4.627617
2021-09-04 11:00:35.022501,7.489701
2021-09-04 11:00:35.060738,4.652062
2021-09-04 11:00:35.219099,4.667701
2021-09-04 11:00:35.376749,4.684051
2021-09-04 11:00:35.553219,4.681581
2021-09-04 11:00:35.696629,4.712171
2021-09-04 11:00:35.861562,4.721238
2021-09-04 11:00:36.005527,4.751273
2021-09-04 11:00:36.143888,4.786912
2021-09-04 11:00:36.311149,4.793651
2021-09-04 11:00:36.485585,4.793215
2021-09-04 11:00:36.651660,4.80114
2021-09-04 11:00:36.844008,4.782792
2021-09-04 11:00:36.971498,16.572698
2021-09-04 11:00:36.985062,4.815738
2021-09-04 11:00:37.119030,13.93623
2021-09-04 11:00:37.177056,4.797744
2021-09-04 11:00:37.295291,12.372491
2021-09-04 11:00:37.344773,4.804027
2021-09-04 11:00:37.510114,4.812686
2021-09-04 11:00:37.676780,4.82002
2021-09-04 11:00:37.829354,4.841446
2021-09-04 11:00:38.011046,4.833754
2021-09-04 11:00:38.177312,4.841488
2021-09-04 11:00:38.338406,4.854394
2021-09-04 11:00:38.391187,21.820387
2021-09-04 11:00:38.510745,4.856055
2021-09-04 11:00:38.661132,4.879668
2021-09-04 11:00:39.294444,12.109644
2021-09-04 11:00:41.910260,16.81346
2021-09-04 11:00:42.769273,5.121527
2021-09-04 11:00:44.452005,5.178795
2021-09-04 11:00:44.603062,5.201738
2021-09-04 11:00:45.084816,16.856016
2021-09-04 11:00:45.362507,4.431707
2021-09-04 11:00:46.336310,5.40551
2021-09-04 11:00:46.343304,5.201496
2021-09-04 11:00:46.509657,5.209143
2021-09-04 11:00:46.693337,5.199463
2021-09-04 11:00:46.860573,5.206227
2021-09-04 11:00:47.809632,5.301168
2021-09-04 11:00:47.959867,5.324933
2021-09-04 11:00:48.127234,5.331566
2021-09-04 11:00:48.276242,5.356558
2021-09-04 11:00:48.460221,5.346579
2021-09-04 11:00:48.601260,5.37954
2021-09-04 11:00:48.776178,5.378622
2021-09-04 11:00:48.918706,5.410094
2021-09-04 11:00:49.084324,5.418476
2021-09-04 11:00:49.260171,5.416629
2021-09-04 11:00:49.443341,5.407459
2021-09-04 11:00:49.602130,5.42267
2021-09-04 11:00:49.759261,5.439539
2021-09-04 11:00:49.910129,5.462671
2021-09-04 11:00:50.076330,5.47047
2021-09-04 11:00:50.243626,5.477174
2021-09-04 11:00:50.393656,5.501144
2021-09-04 11:00:51.110230,9.65657
2021-09-04 11:00:51.909563,5.551237
2021-09-04 11:00:52.068170,5.56663
2021-09-04 11:00:52.227223,5.581577
2021-09-04 11:00:52.368426,5.614374
2021-09-04 11:00:52.551168,5.605632
2021-09-04 11:00:52.709482,5.621318
2021-09-04 11:00:52.884928,5.619872
2021-09-04 11:00:53.035425,5.643375
2021-09-04 11:00:53.193361,5.659439
2021-09-04 11:00:53.351518,5.675282
2021-09-04 11:00:53.517501,5.683299
2021-09-04 11:00:53.667818,5.706982
2021-09-04 11:00:53.985799,5.737001
2021-09-04 11:00:54.144895,5.751905
2021-09-04 11:00:54.309765,5.761035
2021-09-04 11:00:54.661920,5.75688
2021-09-04 11:00:54.826493,5.766307
2021-09-04 11:00:54.976371,5.790429
2021-09-04 11:00:55.284240,5.83056
2021-09-04 11:00:55.450683,5.838117
2021-09-04 11:00:55.593724,5.869076
2021-09-04 11:00:55.759829,5.876971
2021-09-04 11:00:55.910048,5.900752
2021-09-04 11:00:56.075685,5.909115
2021-09-04 11:00:56.226963,5.931837
2021-09-04 11:00:56.402269,5.930531
2021-09-04 11:00:56.551500,5.9553
2021-09-04 11:00:56.709467,5.971333
2021-09-04 11:00:56.877264,5.977536
2021-09-04 11:00:57.969509,27.652709
2021-09-04 11:00:58.277145,6.143655
2021-09-04 11:00:59.852327,6.134473
2021-09-04 11:01:00.426939,42.621861
2021-09-04 11:01:03.617962,6.196838
2021-09-04 11:01:04.675694,6.183106
2021-09-04 11:01:05.151594,6.229206
2021-09-04 11:01:06.842638,6.278162
2021-09-04 11:01:07.001553,6.293247
2021-09-04 11:01:07.152966,6.315834
2021-09-04 11:01:07.325254,6.317546
2021-09-04 11:01:07.501311,6.315489
2021-09-04 11:01:07.658738,6.332062
2021-09-04 11:01:07.800095,6.364705
2021-09-04 11:01:07.967901,6.370899
2021-09-04 11:01:08.117002,6.395798
2021-09-04 11:01:08.284118,6.402682
2021-09-04 11:01:08.583554,6.451246
2021-09-04 11:01:08.910664,6.472136
2021-09-04 11:01:09.084689,6.472111
2021-09-04 11:01:09.262421,6.468379
2021-09-04 11:01:09.418003,6.486797
2021-09-04 11:01:09.575419,6.503381
2021-09-04 11:01:09.734797,6.518003
2021-09-04 11:01:09.882570,6.54423
2021-09-04 11:01:10.530388,27.859588
2021-09-04 11:01:14.694068,24.178732
2021-09-04 11:01:17.226421,57.001621
2021-09-04 11:01:18.018104,7.108696
2021-09-04 11:01:18.174819,7.125981
2021-09-04 11:01:18.340998,7.133802
2021-09-04 11:01:18.508198,7.140602
2021-09-04 11:01:18.674518,7.148282
2021-09-04 11:01:18.841024,7.155776
2021-09-04 11:01:18.999973,7.170827
2021-09-04 11:01:19.157578,7.187222
2021-09-04 11:01:19.316967,7.201833
2021-09-04 11:01:19.492335,7.200465
2021-09-04 11:01:19.842775,7.198025
2021-09-04 11:01:21.824173,7.304627
2021-09-04 11:01:25.075656,7.359144
2021-09-04 11:01:27.533577,45.906777
2021-09-04 11:01:27.582228,7.462572
2021-09-04 11:01:28.091448,7.475352
2021-09-04 11:01:28.242738,7.498062
2021-09-04 11:01:28.424779,7.490021
2021-09-04 11:01:28.567394,7.521406
2021-09-04 11:01:28.732729,7.530071
2021-09-04 11:01:29.226465,7.558335
2021-09-04 11:01:29.374354,7.584446
2021-09-04 11:01:29.533494,7.599306
2021-09-04 11:01:29.683054,7.623746
2021-09-04 11:01:29.842345,7.638455
2021-09-04 11:01:30.007137,7.647663
2021-09-04 11:01:30.159273,7.669527
2021-09-04 11:01:30.293878,7.708922
2021-09-04 11:01:30.458704,7.718096
2021-09-04 11:01:30.532382,9.906418
2021-09-04 11:01:30.616048,7.734752
2021-09-04 11:01:30.651870,7.69893
2021-09-04 11:01:30.799810,7.72499
2021-09-04 11:01:30.958791,7.740009
2021-09-04 11:01:31.107459,7.765341
2021-09-04 11:01:31.257802,7.788998
2021-09-04 11:01:31.398803,7.821997
2021-09-04 11:01:31.558785,7.836015
2021-09-04 11:01:31.715748,7.853052
2021-09-04 11:01:31.859017,7.883783
2021-09-04 11:01:31.991038,7.925762
2021-09-04 11:01:32.148634,7.942166
2021-09-04 11:01:32.308353,7.956447
2021-09-04 11:01:32.470143,7.968657
2021-09-04 11:01:32.640825,7.971975
2021-09-04 11:01:32.832305,7.954495
2021-09-04 11:01:32.841075,7.945725
2021-09-04 11:01:32.990867,7.969933
2021-09-04 11:01:33.141898,7.992902
2021-09-04 11:01:33.299595,8.009205
2021-09-04 11:01:33.450478,8.032322
2021-09-04 11:01:33.466123,9.060677
2021-09-04 11:01:33.606922,8.049878
2021-09-04 11:01:33.758044,8.072756
2021-09-04 11:01:33.906965,8.097835
2021-09-04 11:01:34.065940,8.11286
2021-09-04 11:01:34.224232,8.128568
2021-09-04 11:01:34.391893,8.134907
2021-09-04 11:01:34.681852,8.192948
2021-09-04 11:01:34.858128,8.190672
2021-09-04 11:01:35.016201,8.206599
2021-09-04 11:01:35.174190,8.22261
2021-09-04 11:01:35.348526,8.222274
2021-09-04 11:01:35.491570,8.25323
2021-09-04 11:01:35.640391,8.278409
2021-09-04 11:01:35.815617,8.277183
2021-09-04 11:01:35.965815,8.300985
2021-09-04 11:01:36.107289,8.333511
2021-09-04 11:01:36.273945,8.340855
2021-09-04 11:01:36.573931,8.388869
2021-09-04 11:01:36.749501,8.387299
2021-09-04 11:01:36.806631,9.548169
2021-09-04 11:01:36.857671,8.975129
2021-09-04 11:01:36.882439,9.472361
2021-09-04 11:01:36.907006,8.403794
2021-09-04 11:01:36.999324,14.401476
2021-09-04 11:01:37.026389,14.200411
2021-09-04 11:01:37.066606,8.418194
2021-09-04 11:01:37.115170,8.54363
2021-09-04 11:01:37.183465,11.433335
2021-09-04 11:01:37.206575,8.452225
2021-09-04 11:01:37.357265,8.475535
2021-09-04 11:01:37.367094,9.857706
2021-09-04 11:01:37.392749,13.138051
2021-09-04 11:01:37.431983,15.708817
2021-09-04 11:01:37.459949,10.286851
2021-09-04 11:01:37.486185,9.564615
2021-09-04 11:01:37.524044,15.616756
2021-09-04 11:01:37.532737,8.474063
2021-09-04 11:01:37.559836,17.842964
2021-09-04 11:01:37.615557,14.655243
2021-09-04 11:01:37.640172,16.892628
2021-09-04 11:01:37.656970,17.04983
2021-09-04 11:01:37.666426,13.560374
2021-09-04 11:01:37.682623,8.324177
2021-09-04 11:01:37.691370,14.92743
2021-09-04 11:01:37.714747,9.162053
2021-09-04 11:01:37.732499,13.494301
2021-09-04 11:01:37.740102,15.922698
2021-09-04 11:01:37.758362,8.944438
2021-09-04 11:01:37.773466,7.885334
2021-09-04 11:01:37.783066,14.661734
2021-09-04 11:01:37.795685,15.345115
2021-09-04 11:01:37.798894,11.339906
2021-09-04 11:01:37.824956,10.791844
2021-09-04 11:01:37.832303,8.522497
2021-09-04 11:01:37.840500,13.3863
2021-09-04 11:01:37.848734,8.680066
2021-09-04 11:01:37.875876,14.394924
2021-09-04 11:01:37.890473,9.334327
2021-09-04 11:01:37.915540,13.31126
2021-09-04 11:01:37.923347,11.563453
2021-09-04 11:01:37.932860,12.42394
2021-09-04 11:01:37.940039,8.762761
2021-09-04 11:01:37.973719,7.685081
2021-09-04 11:01:37.982036,8.546764
2021-09-04 11:01:38.006930,10.43587
2021-09-04 11:01:38.016639,7.642161
2021-09-04 11:01:38.024212,10.070588
2021-09-04 11:01:38.042145,8.834655
2021-09-04 11:01:38.056979,10.559821
2021-09-04 11:01:38.065073,9.681727
2021-09-04 11:01:38.098629,8.430171
2021-09-04 11:01:38.110281,10.332519
2021-09-04 11:01:38.128428,8.574372
2021-09-04 11:01:38.148718,9.946082
2021-09-04 11:01:38.181852,8.520948
2021-09-04 11:01:38.190474,8.338326
2021-09-04 11:01:38.200231,7.806569
2021-09-04 11:01:38.232808,7.773992
2021-09-04 11:01:38.240834,12.115966
2021-09-04 11:01:38.249549,10.541251
2021-09-04 11:01:38.282149,9.290651
2021-09-04 11:01:38.290432,8.760368
2021-09-04 11:01:38.299141,8.577659
2021-09-04 11:01:38.324763,10.466037
2021-09-04 11:01:38.336589,8.192211
2021-09-04 11:01:38.341419,10.449381
2021-09-04 11:01:38.357508,8.519292
2021-09-04 11:01:38.373600,10.5912
2021-09-04 11:01:38.381712,10.409088
2021-09-04 11:01:38.415425,8.461375
2021-09-04 11:01:38.416695,8.808105
2021-09-04 11:01:38.426560,8.79824
2021-09-04 11:01:38.439857,7.566943
2021-09-04 11:01:38.466755,8.584045
2021-09-04 11:01:38.473773,10.317027
2021-09-04 11:01:38.492671,9.950129
2021-09-04 11:01:38.506928,8.717872
2021-09-04 11:01:38.516119,11.144681
2021-09-04 11:01:38.524477,7.482323
2021-09-04 11:01:38.540075,10.250725
2021-09-04 11:01:38.550519,10.066281
2021-09-04 11:01:38.591070,7.41573
2021-09-04 11:01:38.598920,11.06188
2021-09-04 11:01:38.606721,8.618079
2021-09-04 11:01:38.633594,8.417206
2021-09-04 11:01:38.648892,10.837908
2021-09-04 11:01:38.666085,10.124715
2021-09-04 11:01:38.672947,7.855853
2021-09-04 11:01:38.680945,10.283855
2021-09-04 11:01:38.695809,9.746991
2021-09-04 11:01:38.703162,11.653638
2021-09-04 11:01:38.724581,9.022219
2021-09-04 11:01:38.732467,12.494333
2021-09-04 11:01:38.740238,10.920562
2021-09-04 11:01:38.765816,8.458984
2021-09-04 11:01:38.774132,9.668668
2021-09-04 11:01:38.781944,8.442856
2021-09-04 11:01:38.790374,8.956426
2021-09-04 11:01:38.799054,7.729746
2021-09-04 11:01:38.807242,10.157558
2021-09-04 11:01:38.814945,10.845855
2021-09-04 11:01:38.824028,11.706772
2021-09-04 11:01:38.832316,9.784484
2021-09-04 11:01:38.839981,9.254819
2021-09-04 11:01:38.857860,8.36694
2021-09-04 11:01:38.866199,11.664601
2021-09-04 11:01:38.873285,10.091515
2021-09-04 11:01:38.882365,8.342435
2021-09-04 11:01:38.891795,8.333005
2021-09-04 11:01:38.900447,8.846353
2021-09-04 11:01:38.906940,10.05786
2021-09-04 11:01:38.915818,8.656982
2021-09-04 11:01:38.924223,8.300577
2021-09-04 11:01:38.932685,8.118115
2021-09-04 11:01:38.940748,8.110052
2021-09-04 11:01:38.948862,9.493938
2021-09-04 11:01:38.957258,9.485542
2021-09-04 11:01:38.966462,11.564338
2021-09-04 11:01:38.973591,7.555209
2021-09-04 11:01:38.982447,8.242353
2021-09-04 11:01:38.990112,11.366688
2021-09-04 11:01:38.998742,10.140058
2021-09-04 11:01:39.007566,11.349234
2021-09-04 11:01:39.015733,8.731067
2021-09-04 11:01:39.024152,7.504648
2021-09-04 11:01:39.032380,8.01842
2021-09-04 11:01:39.040807,8.183993
2021-09-04 11:01:39.048015,9.394785
2021-09-04 11:01:39.057209,8.167591
2021-09-04 11:01:39.065490,9.02931
2021-09-04 11:01:39.073456,8.673344
2021-09-04 11:01:39.082541,9.012259
2021-09-04 11:01:39.094989,8.477811
2021-09-04 11:01:39.099108,9.517692
2021-09-04 11:01:39.106575,8.640225
2021-09-04 11:01:39.124209,7.404591
2021-09-04 11:01:39.132597,9.832203
2021-09-04 11:01:39.139816,8.606984
2021-09-04 11:01:39.148640,10.51216
2021-09-04 11:01:39.159584,8.935216
2021-09-04 11:01:39.167436,8.057364
2021-09-04 11:01:39.174103,8.050697
2021-09-04 11:01:39.181689,11.349111
2021-09-04 11:01:39.191499,10.469301
2021-09-04 11:01:39.215257,7.835543
2021-09-04 11:01:39.223520,9.74128
2021-09-04 11:01:39.232804,7.991996
2021-09-04 11:01:39.240981,7.983819
2021-09-04 11:01:39.248688,7.802112
2021-09-04 11:01:39.257680,8.48912
2021-09-04 11:01:39.266279,8.480521
2021-09-04 11:01:39.273188,11.257612
2021-09-04 11:01:39.281990,8.46481
2021-09-04 11:01:39.290246,7.760554
2021-09-04 11:01:39.306710,10.35409
2021-09-04 11:01:39.314875,11.215925
2021-09-04 11:01:39.323167,9.641633
2021-09-04 11:01:39.332152,7.196648
2021-09-04 11:01:39.340683,7.884117
2021-09-04 11:01:39.348484,9.094316
2021-09-04 11:01:39.357850,8.73695
2021-09-04 11:01:39.366010,9.25079
2021-09-04 11:01:39.373279,7.851521
2021-09-04 11:01:39.381836,8.712964
2021-09-04 11:01:39.390277,10.270523
2021-09-04 11:01:39.400755,9.216045
2021-09-04 11:01:39.416578,9.200222
2021-09-04 11:01:39.424519,9.018281
2021-09-04 11:01:39.440851,7.609949
2021-09-04 11:01:39.447819,8.298981
2021-09-04 11:01:39.457147,10.203653
2021-09-04 11:01:39.484598,6.522202
2021-09-04 11:01:39.490196,8.082604
2021-09-04 11:01:39.498979,6.159821
2021-09-04 11:01:39.507158,10.849642
2021-09-04 11:01:39.515879,9.448921
2021-09-04 11:01:39.523969,10.136831
2021-09-04 11:01:39.532132,10.128668
2021-09-04 11:01:39.540053,8.206747
2021-09-04 11:01:39.548435,8.546365
2021-09-04 11:01:39.558161,6.448639
2021-09-04 11:01:39.565914,7.484886
2021-09-04 11:01:39.573443,8.173357
2021-09-04 11:01:39.582071,9.556729
2021-09-04 11:01:39.599900,9.3649
2021-09-04 11:01:39.607247,10.053553
2021-09-04 11:01:39.615443,7.435357
2021-09-04 11:01:39.624908,6.381892
2021-09-04 11:01:39.632568,6.896232
2021-09-04 11:01:39.642897,7.407903
2021-09-04 11:01:39.648987,7.401813
2021-09-04 11:01:39.657633,8.089167
2021-09-04 11:01:39.666440,8.77636
2021-09-04 11:01:39.681343,8.935457
2021-09-04 11:01:39.692551,10.838249
2021-09-04 11:01:39.698977,8.743823
2021-09-04 11:01:39.715518,7.335282
2021-09-04 11:01:39.723934,6.282866
2021-09-04 11:01:39.748473,7.476327
2021-09-04 11:01:39.757073,9.903727
2021-09-04 11:01:39.765356,7.807444
2021-09-04 11:01:39.773179,9.887621
2021-09-04 11:01:39.781688,9.183112
2021-09-04 11:01:39.790151,7.434649
2021-09-04 11:01:39.798499,9.166301
2021-09-04 11:01:39.815621,7.931179
2021-09-04 11:01:39.826458,7.224342
2021-09-04 11:01:39.834841,6.693959
2021-09-04 11:01:39.843328,7.381472
2021-09-04 11:01:39.848354,8.768446
2021-09-04 11:01:39.856869,8.759931
2021-09-04 11:01:39.865889,7.880911
2021-09-04 11:01:39.873512,7.351288
2021-09-04 11:01:39.891273,6.115527
2021-09-04 11:01:39.899320,6.62948
2021-09-04 11:01:39.932436,7.118364
2021-09-04 11:01:39.941015,9.719785
2021-09-04 11:01:39.948058,10.582742
2021-09-04 11:01:39.957905,7.788895
2021-09-04 11:01:39.965397,9.695403
2021-09-04 11:01:39.973395,7.773405
2021-09-04 11:01:39.982764,8.982036
2021-09-04 11:01:39.991221,9.669579
2021-09-04 11:01:40.000479,7.746321
2021-09-04 11:01:40.006530,7.21827
2021-09-04 11:01:40.024002,8.766798
2021-09-04 11:01:40.049790,7.69701
2021-09-04 11:01:40.057713,7.167087
2021-09-04 11:01:40.064756,8.552044
2021-09-04 11:01:40.073821,10.456979
2021-09-04 11:01:40.082736,8.534064
2021-09-04 11:01:40.089677,8.005123
2021-09-04 11:01:40.098204,7.648596
2021-09-04 11:01:40.106450,6.42235
2021-09-04 11:01:40.114796,7.980004
2021-09-04 11:01:40.124074,7.970726
2021-09-04 11:01:40.132891,6.395909
2021-09-04 11:01:40.141846,7.604954
2021-09-04 11:01:40.148630,7.94617
2021-09-04 11:01:40.160101,7.586699
2021-09-04 11:01:40.167519,10.363281
2021-09-04 11:01:40.173104,7.399696
2021-09-04 11:01:40.183219,8.781581
2021-09-04 11:01:40.190560,8.25224
2021-09-04 11:01:40.199304,8.765496
2021-09-04 11:01:40.211101,7.013699
2021-09-04 11:01:40.218492,7.006308
2021-09-04 11:01:40.223744,8.741056
2021-09-04 11:01:40.231755,6.297045
2021-09-04 11:01:40.239713,8.203087
2021-09-04 11:01:40.248812,8.715988
2021-09-04 11:01:40.258165,8.880635
2021-09-04 11:01:40.266776,7.306024
2021-09-04 11:01:40.273523,7.299277
2021-09-04 11:01:40.281425,10.249375
2021-09-04 11:01:40.291312,7.281488
2021-09-04 11:01:40.298843,8.665957
2021-09-04 11:01:40.306648,9.354152
2021-09-04 11:01:40.315325,5.691475
2021-09-04 11:01:40.331273,7.763527
2021-09-04 11:01:40.339874,7.406926
2021-09-04 11:01:40.348505,10.182295
2021-09-04 11:01:40.357458,8.781342
2021-09-04 11:01:40.366744,10.860056
2021-09-04 11:01:40.373750,8.76505
2021-09-04 11:01:40.382801,9.973999
2021-09-04 11:01:40.393887,10.832913
2021-09-04 11:01:40.400048,7.172752
2021-09-04 11:01:40.406513,8.036287
2021-09-04 11:01:40.414813,5.591987
2021-09-04 11:01:40.426421,7.668379
2021-09-04 11:01:40.433479,8.531321
2021-09-04 11:01:40.440014,8.176786
2021-09-04 11:01:40.448393,7.994407
2021-09-04 11:01:40.456933,7.637867
2021-09-04 11:01:40.466140,7.97666
2021-09-04 11:01:40.473109,8.143691
2021-09-04 11:01:40.481838,10.744962
2021-09-04 11:01:40.491004,9.169796
2021-09-04 11:01:40.499462,7.943338
2021-09-04 11:01:40.506665,8.458135
2021-09-04 11:01:40.516412,8.448388
2021-09-04 11:01:40.524324,10.006476
2021-09-04 11:01:40.535638,7.211162
2021-09-04 11:01:40.540210,7.90259
2021-09-04 11:01:40.548151,9.982649
2021-09-04 11:01:40.566393,5.092407
2021-09-04 11:01:40.581924,9.948876
2021-09-04 11:01:40.591164,9.069636
2021-09-04 11:01:40.598377,9.062423
2021-09-04 11:01:40.607068,8.009732
2021-09-04 11:01:40.615798,7.827002
2021-09-04 11:01:40.624038,7.470762
2021-09-04 11:01:40.632263,7.984537
2021-09-04 11:01:40.640236,6.932564
2021-09-04 11:01:40.648987,8.489813
2021-09-04 11:01:40.657592,8.829208
2021-09-04 11:01:40.665839,8.820961
2021-09-04 11:01:40.673585,8.465215
2021-09-04 11:01:40.682657,7.760143
2021-09-04 11:01:40.690999,8.969801
2021-09-04 11:01:40.698406,8.266394
2021-09-04 11:01:40.706398,8.258402
2021-09-04 11:01:40.715081,7.727719
2021-09-04 11:01:40.724275,7.022525
2021-09-04 11:01:40.732024,6.492776
2021-09-04 11:01:40.739871,8.920929
2021-09-04 11:01:40.749324,6.823476
2021-09-04 11:01:40.757712,9.773088
2021-09-04 11:01:40.765640,6.80716
2021-09-04 11:01:40.773153,7.843647
2021-09-04 11:01:40.798780,6.77402
2021-09-04 11:01:40.806745,9.724055
2021-09-04 11:01:40.815378,8.845422
2021-09-04 11:01:40.823807,7.618993
2021-09-04 11:01:40.832691,8.828109
2021-09-04 11:01:40.840119,7.602681
2021-09-04 11:01:40.848740,7.76806
2021-09-04 11:01:40.857410,6.71539
2021-09-04 11:01:40.866044,7.576756
2021-09-04 11:01:40.872872,7.743928
2021-09-04 11:01:40.881619,8.779181
2021-09-04 11:01:40.889935,6.682865
2021-09-04 11:01:40.899073,9.457727
2021-09-04 11:01:40.907995,8.056805
2021-09-04 11:01:40.915337,6.309463
2021-09-04 11:01:40.923820,6.82298
2021-09-04 11:01:40.932003,7.684797
2021-09-04 11:01:40.942592,10.284208
2021-09-04 11:01:40.948097,9.408703
2021-09-04 11:01:40.966648,8.172152
2021-09-04 11:01:40.973252,8.687548
2021-09-04 11:01:40.981630,8.67917
2021-09-04 11:01:40.990645,7.974155
2021-09-04 11:01:40.999173,5.529627
2021-09-04 11:01:41.007067,7.435733
2021-09-04 11:01:41.015298,7.601502
2021-09-04 11:01:41.024239,9.506561
2021-09-04 11:01:41.048063,10.178737
2021-09-04 11:01:41.057658,10.169142
2021-09-04 11:01:41.064959,7.899841
2021-09-04 11:01:41.072834,9.457966
2021-09-04 11:01:41.081578,8.579222
2021-09-04 11:01:41.090083,7.352717
2021-09-04 11:01:41.106539,9.250261
2021-09-04 11:01:41.115580,6.45722
2021-09-04 11:01:41.123961,7.840839
2021-09-04 11:01:41.132353,9.398447
2021-09-04 11:01:41.140370,6.43243
2021-09-04 11:01:41.148854,9.381946
2021-09-04 11:01:41.158531,7.284269
2021-09-04 11:01:41.164913,6.407887
2021-09-04 11:01:41.173237,9.357563
2021-09-04 11:01:41.181756,8.479044
2021-09-04 11:01:41.191007,6.555793
2021-09-04 11:01:41.198728,6.374072
2021-09-04 11:01:41.207788,6.365012
2021-09-04 11:01:41.215114,7.749686
2021-09-04 11:01:41.223869,8.436931
2021-09-04 11:01:41.232199,7.384601
2021-09-04 11:01:41.241054,7.375746
2021-09-04 11:01:41.257410,9.27339
2021-09-04 11:01:41.271303,7.345497
2021-09-04 11:01:41.273384,7.169416
2021-09-04 11:01:41.282565,7.334235
2021-09-04 11:01:41.290795,9.240005
2021-09-04 11:01:41.299767,7.143033
2021-09-04 11:01:41.306329,7.136471
2021-09-04 11:01:41.315570,7.12723
2021-09-04 11:01:41.323960,6.42284
2021-09-04 11:01:41.333478,9.197322
2021-09-04 11:01:41.356781,7.260019
2021-09-04 11:01:41.373401,6.199399
2021-09-04 11:01:41.381662,9.149138
2021-09-04 11:01:41.390851,8.965949
2021-09-04 11:01:41.399255,7.739545
2021-09-04 11:01:41.415572,7.723228
2021-09-04 11:01:41.424250,6.14855
2021-09-04 11:01:41.434600,7.7042
2021-09-04 11:01:41.440276,9.090524
2021-09-04 11:01:41.448137,6.994663
2021-09-04 11:01:41.456765,8.900035
2021-09-04 11:01:41.473804,7.490996
2021-09-04 11:01:41.482295,6.612505
2021-09-04 11:01:41.490010,6.95279
2021-09-04 11:01:41.506933,9.719867
2021-09-04 11:01:41.515707,9.711093
2021-09-04 11:01:41.526581,8.830219
2021-09-04 11:01:41.532101,11.086699
2021-09-04 11:01:41.566566,8.964234
2021-09-04 11:01:41.573169,6.173631
2021-09-04 11:01:41.582521,6.512279
2021-09-04 11:01:41.590511,7.374289
2021-09-04 11:01:41.602088,8.928712
2021-09-04 11:01:41.606641,8.750159
2021-09-04 11:01:41.615015,8.045785
2021-09-04 11:01:41.624885,8.905915
2021-09-04 11:01:41.633556,9.593244
2021-09-04 11:01:41.639956,9.586844
2021-09-04 11:01:41.651208,9.575592
2021-09-04 11:01:41.657822,8.698978
2021-09-04 11:01:41.665678,5.907122
2021-09-04 11:01:41.673352,7.291448
2021-09-04 11:01:41.681638,6.761162
2021-09-04 11:01:41.690405,7.970395
2021-09-04 11:01:41.699192,6.395608
2021-09-04 11:01:41.706253,7.954547
2021-09-04 11:01:41.715671,6.031129
2021-09-04 11:01:41.724553,6.892247
2021-09-04 11:01:41.733038,8.797762
2021-09-04 11:01:41.739904,8.616896
2021-09-04 11:01:41.757503,8.599297
2021-09-04 11:01:41.765929,7.894871
2021-09-04 11:01:41.773201,7.887599
2021-09-04 11:01:41.782056,5.964744
2021-09-04 11:01:41.791522,6.825278
2021-09-04 11:01:41.799633,7.861167
2021-09-04 11:01:41.815596,7.149204
2021-09-04 11:01:41.824321,8.532479
2021-09-04 11:01:41.832384,6.784416
2021-09-04 11:01:41.839494,6.777306
2021-09-04 11:01:41.848492,6.768308
2021-09-04 11:01:41.858125,7.802675
2021-09-04 11:01:41.865839,6.750961
2021-09-04 11:01:41.873323,7.787477
2021-09-04 11:01:41.883867,6.732933
2021-09-04 11:01:41.894597,7.766203
2021-09-04 11:01:41.904702,7.756098
2021-09-04 11:01:41.907016,6.535784
2021-09-04 11:01:41.923999,5.648801
2021-09-04 11:01:41.933415,7.205385
2021-09-04 11:01:41.940774,8.416026
2021-09-04 11:01:41.950071,3.708729
2021-09-04 11:01:41.958191,5.614609
2021-09-04 11:01:41.969031,6.647769
2021-09-04 11:01:41.974704,8.382096
2021-09-04 11:01:41.981374,8.375426
2021-09-04 11:01:41.990924,8.539876
2021-09-04 11:01:41.999307,5.573493
2021-09-04 11:01:42.024252,7.114548
2021-09-04 11:01:42.032382,7.454418
2021-09-04 11:01:42.042434,3.616366
2021-09-04 11:01:42.049746,9.177054
2021-09-04 11:01:42.081723,8.275077
2021-09-04 11:01:42.091347,9.135453
2021-09-04 11:01:42.099211,3.559589
2021-09-04 11:01:42.106400,10.5124
2021-09-04 11:01:42.115176,3.543624
2021-09-04 11:01:42.124054,9.276746
2021-09-04 11:01:42.139760,10.47904
2021-09-04 11:01:42.148995,10.469805
2021-09-04 11:01:42.157342,8.199458
2021-09-04 11:01:42.173374,8.183426
2021-09-04 11:01:42.182281,7.304519
2021-09-04 11:01:42.190400,9.2104
2021-09-04 11:01:42.199323,9.201477
2021-09-04 11:01:42.214995,10.055805
2021-09-04 11:01:42.224899,11.785901
2021-09-04 11:01:42.231869,9.168931
2021-09-04 11:01:42.239970,7.24683
2021-09-04 11:01:42.247951,9.152849
2021-09-04 11:01:42.256875,8.969925
2021-09-04 11:01:42.266295,6.872505
2021-09-04 11:01:42.274661,8.952139
2021-09-04 11:01:42.284635,3.374165
2021-09-04 11:01:42.290325,7.196475
2021-09-04 11:01:42.300741,8.926059
2021-09-04 11:01:42.317439,4.037361
2021-09-04 11:01:42.323039,4.031761
2021-09-04 11:01:42.333996,9.936804
2021-09-04 11:01:42.341237,8.885563
2021-09-04 11:01:42.347969,6.790831
2021-09-04 11:01:42.356743,8.000057
2021-09-04 11:01:42.385342,9.885458
2021-09-04 11:01:42.387235,8.839565
2021-09-04 11:01:42.390674,8.836126
2021-09-04 11:01:42.400935,8.825865
2021-09-04 11:01:42.407764,8.993036
2021-09-04 11:01:42.415972,8.810828
2021-09-04 11:01:42.423797,6.715003
2021-09-04 11:01:42.434733,6.704067
2021-09-04 11:01:42.439942,6.698858
2021-09-04 11:01:42.447859,6.690941
2021-09-04 11:01:42.457004,7.029796
2021-09-04 11:01:42.465191,3.193609
2021-09-04 11:01:42.480993,8.745807
2021-09-04 11:01:42.490439,6.648361
2021-09-04 11:01:42.498026,5.074774
2021-09-04 11:01:42.506475,7.850325
2021-09-04 11:01:42.514707,6.624093
2021-09-04 11:01:42.523751,3.135049
2021-09-04 11:01:42.531938,3.126862
2021-09-04 11:01:42.539685,6.599115
2021-09-04 11:01:42.556427,3.102373
2021-09-04 11:01:42.581496,6.557304
2021-09-04 11:01:42.590667,7.940133
2021-09-04 11:01:42.598584,8.628216
2021-09-04 11:01:42.607020,8.61978
2021-09-04 11:01:42.614105,8.786695
2021-09-04 11:01:42.623399,6.863401
2021-09-04 11:01:42.631160,7.72564
2021-09-04 11:01:42.640934,6.845866
2021-09-04 11:01:42.647664,6.491136
2021-09-04 11:01:42.666459,7.690341
2021-09-04 11:01:42.673120,2.98568
2021-09-04 11:01:42.691744,2.967056
2021-09-04 11:01:42.698084,6.440716
2021-09-04 11:01:42.709079,9.561721
2021-09-04 11:01:42.714538,6.772262
2021-09-04 11:01:42.731913,6.406887
2021-09-04 11:01:42.748947,8.477853
2021-09-04 11:01:42.757531,8.469269
2021-09-04 11:01:42.765812,9.504988
2021-09-04 11:01:42.773291,2.885509
2021-09-04 11:01:42.790779,6.696021
2021-09-04 11:01:42.806471,8.594329
2021-09-04 11:01:42.815746,6.323054
2021-09-04 11:01:42.824242,7.532558
2021-09-04 11:01:42.832003,6.306797
2021-09-04 11:01:42.839893,7.690907
2021-09-04 11:01:42.857057,9.761743
2021-09-04 11:01:42.865566,8.535234
2021-09-04 11:01:42.872970,9.39783
2021-09-04 11:01:42.890793,9.728007
2021-09-04 11:01:42.906962,6.231838
2021-09-04 11:01:42.914948,2.743852
2021-09-04 11:01:42.924781,6.562019
2021-09-04 11:01:42.940270,5.67653
2021-09-04 11:01:42.958759,8.268041
2021-09-04 11:01:42.965974,3.388826
2021-09-04 11:01:42.972985,9.471815
2021-09-04 11:01:42.990358,6.496442
2021-09-04 11:01:42.998602,6.140198
2021-09-04 11:01:43.007210,6.13159
2021-09-04 11:01:43.024099,7.332701
2021-09-04 11:01:43.048531,8.352269
2021-09-04 11:01:43.057258,9.213542
2021-09-04 11:01:43.065684,9.379116
2021-09-04 11:01:43.073270,6.41353
2021-09-04 11:01:43.082234,6.404566
2021-09-04 11:01:43.090266,2.568534
2021-09-04 11:01:43.097954,7.258846
2021-09-04 11:01:43.123484,6.015316
2021-09-04 11:01:43.132569,9.486231
2021-09-04 11:01:43.139847,9.304953
2021-09-04 11:01:43.148022,9.470778
2021-09-04 11:01:43.167843,8.232957
2021-09-04 11:01:43.173705,6.313095
2021-09-04 11:01:43.182148,4.390652
2021-09-04 11:01:43.191921,5.424879
2021-09-04 11:01:43.199680,6.46112
2021-09-04 11:01:43.214890,9.05591
2021-09-04 11:01:43.223979,11.308821
2021-09-04 11:01:43.233636,10.777164
2021-09-04 11:01:43.239805,10.770995
2021-09-04 11:01:43.249057,9.891743
2021-09-04 11:01:43.265639,8.135161
2021-09-04 11:01:43.272913,2.385887
2021-09-04 11:01:43.281896,4.290904
2021-09-04 11:01:43.291589,5.673211
2021-09-04 11:01:43.306412,8.094388
2021-09-04 11:01:43.314957,8.085843
2021-09-04 11:01:43.324405,11.208395
2021-09-04 11:01:43.347839,9.792961
2021-09-04 11:01:43.357473,9.261327
2021-09-04 11:01:43.373122,9.071678
2021-09-04 11:01:43.381518,2.277282
2021-09-04 11:01:43.399108,6.087692
2021-09-04 11:01:43.416842,9.027958
2021-09-04 11:01:43.432980,9.18582
2021-09-04 11:01:43.439462,9.179338
2021-09-04 11:01:43.448162,9.170638
2021-09-04 11:01:43.456619,2.202181
2021-09-04 11:01:43.465673,9.153127
2021-09-04 11:01:43.473686,8.971114
2021-09-04 11:01:43.481026,2.873774
2021-09-04 11:01:43.491901,8.778899
2021-09-04 11:01:43.498335,8.946465
2021-09-04 11:01:43.515296,8.755504
2021-09-04 11:01:43.523711,2.135089
2021-09-04 11:01:43.531900,9.0869
2021-09-04 11:01:43.540478,9.078322
2021-09-04 11:01:43.549305,8.721495
2021-09-04 11:01:43.557957,10.974843
2021-09-04 11:01:43.573388,10.089412
2021-09-04 11:01:43.582424,7.818376
2021-09-04 11:01:43.590137,2.068663
2021-09-04 11:01:43.599117,5.539683
2021-09-04 11:01:43.606784,9.012016
2021-09-04 11:01:43.624284,2.730516
2021-09-04 11:01:43.641625,10.891175
2021-09-04 11:01:43.648766,10.014034
2021-09-04 11:01:43.656533,9.484267
2021-09-04 11:01:43.664684,10.868116
2021-09-04 11:01:43.677050,9.98575
2021-09-04 11:01:43.681492,8.589308
2021-09-04 11:01:43.698818,6.657982
2021-09-04 11:01:43.707357,1.951443
2021-09-04 11:01:43.714616,8.904184
2021-09-04 11:01:43.723894,5.762906
2021-09-04 11:01:43.732903,8.711897
2021-09-04 11:01:43.739841,2.614959
2021-09-04 11:01:43.750824,10.259976
2021-09-04 11:01:43.759646,2.595154
2021-09-04 11:01:43.764677,8.506123
2021-09-04 11:01:43.773018,8.845782
2021-09-04 11:01:43.782393,8.836407
2021-09-04 11:01:43.790406,8.828394
2021-09-04 11:01:43.806608,5.680192
2021-09-04 11:01:43.815180,8.80362
2021-09-04 11:01:43.824673,8.446127
2021-09-04 11:01:43.856894,8.761906
2021-09-04 11:01:43.865937,5.620863
2021-09-04 11:01:43.873111,8.397689
2021-09-04 11:01:43.881522,7.519278
2021-09-04 11:01:43.890395,5.248405
2021-09-04 11:01:43.900469,6.630331
2021-09-04 11:01:43.907540,1.75126
2021-09-04 11:01:43.926254,8.692546
2021-09-04 11:01:43.939735,10.593065
2021-09-04 11:01:43.947551,9.193249
2021-09-04 11:01:43.956820,8.31398
2021-09-04 11:01:43.973344,5.513456
2021-09-04 11:01:43.982294,5.156506
2021-09-04 11:01:43.991650,6.53915
2021-09-04 11:01:44.002563,7.224237
2021-09-04 11:01:44.006644,1.652156
2021-09-04 11:01:44.015778,10.517022
2021-09-04 11:01:44.023960,9.46484
2021-09-04 11:01:44.031811,9.978989
2021-09-04 11:01:44.039634,9.101166
2021-09-04 11:01:44.048744,9.092056
2021-09-04 11:01:44.057014,8.561786
2021-09-04 11:01:44.065342,5.421458
2021-09-04 11:01:44.076915,5.061885
2021-09-04 11:01:44.081537,1.577263
2021-09-04 11:01:44.090194,8.528606
2021-09-04 11:01:44.100013,8.518787
2021-09-04 11:01:44.106366,8.338434
2021-09-04 11:01:44.114511,10.418289
2021-09-04 11:01:44.123736,9.539064
2021-09-04 11:01:44.131699,9.531101
2021-09-04 11:01:44.147588,8.297212
2021-09-04 11:01:44.165498,7.235302
2021-09-04 11:01:44.173228,1.485572
2021-09-04 11:01:44.182454,8.436346
2021-09-04 11:01:44.190675,5.296125
2021-09-04 11:01:44.199031,8.245769
2021-09-04 11:01:44.206606,10.326194
2021-09-04 11:01:44.216619,10.316181
2021-09-04 11:01:44.228840,9.43396
2021-09-04 11:01:44.232447,10.300353
2021-09-04 11:01:44.257295,5.229505
2021-09-04 11:01:44.273171,7.127629
2021-09-04 11:01:44.281732,5.205068
2021-09-04 11:01:44.291924,1.366876
2021-09-04 11:01:44.303354,7.097446
2021-09-04 11:01:44.307566,8.137234
2021-09-04 11:01:44.315841,10.216959
2021-09-04 11:01:44.323029,9.339771
2021-09-04 11:01:44.332467,9.156333
